<?xml version='1.0' encoding='UTF-8'?>
<gpx version="1.1" creator="https://www.komoot.de" xmlns="http://www.topografix.com/GPX/1/1" xmlns:xsi="http://www.w3.org/2001/XMLSchema-instance" xsi:schemaLocation="http://www.topografix.com/GPX/1/1 http://www.topografix.com/GPX/1/1/gpx.xsd">
  <metadata>
    <name>Kapfwald-Runde Oberstaufen</name>
    <author>
      <link href="https://www.komoot.de">
        <text>komoot</text>
        <type>text/html</type>
      </link>
    </author>
  </metadata>
  <trk>
    <name>Kapfwald-Runde Oberstaufen</name>
    <trkseg>
      <trkpt lat="47.554381" lon="10.025086">
        <ele>789.585900</ele>
        <time>2026-02-21T14:08:23.836Z</time>
      </trkpt>
      <trkpt lat="47.554542" lon="10.024920">
        <ele>789.585900</ele>
        <time>2026-02-21T14:08:43.784Z</time>
      </trkpt>
      <trkpt lat="47.554498" lon="10.024816">
        <ele>789.585900</ele>
        <time>2026-02-21T14:08:52.206Z</time>
      </trkpt>
      <trkpt lat="47.554693" lon="10.024618">
        <ele>789.585900</ele>
        <time>2026-02-21T14:09:16.458Z</time>
      </trkpt>
      <trkpt lat="47.554884" lon="10.024344">
        <ele>789.585900</ele>
        <time>2026-02-21T14:09:43.857Z</time>
      </trkpt>
      <trkpt lat="47.555126" lon="10.023903">
        <ele>789.357292</ele>
        <time>2026-02-21T14:10:23.280Z</time>
      </trkpt>
      <trkpt lat="47.555258" lon="10.023609">
        <ele>789.152091</ele>
        <time>2026-02-21T14:10:47.694Z</time>
      </trkpt>
      <trkpt lat="47.555290" lon="10.023540">
        <ele>789.103439</ele>
        <time>2026-02-21T14:10:53.467Z</time>
      </trkpt>
      <trkpt lat="47.555456" lon="10.023075">
        <ele>788.797746</ele>
        <time>2026-02-21T14:11:29.768Z</time>
      </trkpt>
      <trkpt lat="47.555465" lon="10.022930">
        <ele>788.713129</ele>
        <time>2026-02-21T14:11:39.763Z</time>
      </trkpt>
      <trkpt lat="47.555482" lon="10.022878">
        <ele>788.679553</ele>
        <time>2026-02-21T14:11:43.734Z</time>
      </trkpt>
      <trkpt lat="47.555880" lon="10.021462">
        <ele>787.820260</ele>
        <time>2026-02-21T14:13:28.286Z</time>
      </trkpt>
      <trkpt lat="47.556211" lon="10.020745">
        <ele>787.380479</ele>
        <time>2026-02-21T14:14:27.781Z</time>
      </trkpt>
      <trkpt lat="47.556365" lon="10.020471">
        <ele>787.199962</ele>
        <time>2026-02-21T14:14:52.229Z</time>
      </trkpt>
      <trkpt lat="47.556659" lon="10.020041">
        <ele>786.890081</ele>
        <time>2026-02-21T14:15:34.290Z</time>
      </trkpt>
      <trkpt lat="47.556873" lon="10.019779">
        <ele>786.682988</ele>
        <time>2026-02-21T14:16:02.684Z</time>
      </trkpt>
      <trkpt lat="47.557377" lon="10.019315">
        <ele>786.321846</ele>
        <time>2026-02-21T14:17:03.527Z</time>
      </trkpt>
      <trkpt lat="47.557436" lon="10.019261">
        <ele>786.279638</ele>
        <time>2026-02-21T14:17:10.627Z</time>
      </trkpt>
      <trkpt lat="47.557466" lon="10.019204">
        <ele>786.249947</ele>
        <time>2026-02-21T14:17:15.552Z</time>
      </trkpt>
      <trkpt lat="47.557475" lon="10.019074">
        <ele>786.196270</ele>
        <time>2026-02-21T14:17:24.549Z</time>
      </trkpt>
      <trkpt lat="47.557387" lon="10.019029">
        <ele>786.139609</ele>
        <time>2026-02-21T14:17:33.937Z</time>
      </trkpt>
      <trkpt lat="47.557323" lon="10.018950">
        <ele>786.088911</ele>
        <time>2026-02-21T14:17:42.437Z</time>
      </trkpt>
      <trkpt lat="47.557264" lon="10.018777">
        <ele>786.009294</ele>
        <time>2026-02-21T14:17:55.644Z</time>
      </trkpt>
      <trkpt lat="47.557235" lon="10.018607">
        <ele>785.937270</ele>
        <time>2026-02-21T14:18:07.595Z</time>
      </trkpt>
      <trkpt lat="47.557048" lon="10.018673">
        <ele>785.820269</ele>
        <time>2026-02-21T14:18:26.918Z</time>
      </trkpt>
      <trkpt lat="47.557024" lon="10.018522">
        <ele>785.756549</ele>
        <time>2026-02-21T14:18:37.392Z</time>
      </trkpt>
      <trkpt lat="47.556928" lon="10.018383">
        <ele>785.674856</ele>
        <time>2026-02-21T14:18:50.880Z</time>
      </trkpt>
      <trkpt lat="47.556998" lon="10.018286">
        <ele>785.616524</ele>
        <time>2026-02-21T14:19:00.523Z</time>
      </trkpt>
      <trkpt lat="47.556984" lon="10.018257">
        <ele>785.601878</ele>
        <time>2026-02-21T14:19:03.008Z</time>
      </trkpt>
      <trkpt lat="47.557115" lon="10.018061">
        <ele>785.594350</ele>
        <time>2026-02-21T14:19:21.711Z</time>
      </trkpt>
      <trkpt lat="47.557068" lon="10.018038">
        <ele>785.594690</ele>
        <time>2026-02-21T14:19:26.663Z</time>
      </trkpt>
      <trkpt lat="47.556973" lon="10.017762">
        <ele>785.596124</ele>
        <time>2026-02-21T14:19:47.666Z</time>
      </trkpt>
      <trkpt lat="47.556913" lon="10.017660">
        <ele>785.596750</ele>
        <time>2026-02-21T14:19:56.792Z</time>
      </trkpt>
      <trkpt lat="47.556650" lon="10.017450">
        <ele>785.598800</ele>
        <time>2026-02-21T14:20:26.681Z</time>
      </trkpt>
      <trkpt lat="47.556627" lon="10.017432">
        <ele>785.598978</ele>
        <time>2026-02-21T14:20:29.261Z</time>
      </trkpt>
      <trkpt lat="47.556587" lon="10.017373">
        <ele>785.599365</ele>
        <time>2026-02-21T14:20:34.888Z</time>
      </trkpt>
      <trkpt lat="47.556595" lon="10.017093">
        <ele>785.600663</ele>
        <time>2026-02-21T14:20:53.825Z</time>
      </trkpt>
      <trkpt lat="47.556850" lon="10.017160">
        <ele>785.602439</ele>
        <time>2026-02-21T14:21:19.879Z</time>
      </trkpt>
      <trkpt lat="47.557067" lon="10.017080">
        <ele>785.603973</ele>
        <time>2026-02-21T14:21:42.252Z</time>
      </trkpt>
      <trkpt lat="47.557097" lon="10.017357">
        <ele>785.605272</ele>
        <time>2026-02-21T14:22:01.252Z</time>
      </trkpt>
      <trkpt lat="47.557145" lon="10.017474">
        <ele>785.679043</ele>
        <time>2026-02-21T14:22:10.523Z</time>
      </trkpt>
      <trkpt lat="47.557240" lon="10.017602">
        <ele>785.842476</ele>
        <time>2026-02-21T14:22:23.343Z</time>
      </trkpt>
      <trkpt lat="47.557145" lon="10.017474">
        <ele>786.005910</ele>
        <time>2026-02-21T14:22:36.167Z</time>
      </trkpt>
      <trkpt lat="47.557097" lon="10.017357">
        <ele>786.123524</ele>
        <time>2026-02-21T14:22:45.490Z</time>
      </trkpt>
      <trkpt lat="47.557067" lon="10.017080">
        <ele>786.364507</ele>
        <time>2026-02-21T14:23:04.690Z</time>
      </trkpt>
      <trkpt lat="47.557162" lon="10.017016">
        <ele>786.497336</ele>
        <time>2026-02-21T14:23:15.284Z</time>
      </trkpt>
      <trkpt lat="47.557267" lon="10.016946">
        <ele>786.643888</ele>
        <time>2026-02-21T14:23:27.105Z</time>
      </trkpt>
      <trkpt lat="47.557807" lon="10.016616">
        <ele>787.387377</ele>
        <time>2026-02-21T14:24:27.361Z</time>
      </trkpt>
      <trkpt lat="47.557852" lon="10.016622">
        <ele>787.444886</ele>
        <time>2026-02-21T14:24:32.115Z</time>
      </trkpt>
      <trkpt lat="47.557952" lon="10.016635">
        <ele>787.572659</ele>
        <time>2026-02-21T14:24:42.822Z</time>
      </trkpt>
      <trkpt lat="47.558011" lon="10.016656">
        <ele>787.649892</ele>
        <time>2026-02-21T14:24:49.373Z</time>
      </trkpt>
      <trkpt lat="47.558281" lon="10.016725">
        <ele>788.696400</ele>
        <time>2026-02-21T14:25:19.824Z</time>
      </trkpt>
      <trkpt lat="47.558444" lon="10.016852">
        <ele>790.507419</ele>
        <time>2026-02-21T14:25:41.304Z</time>
      </trkpt>
      <trkpt lat="47.558502" lon="10.016826">
        <ele>791.103321</ele>
        <time>2026-02-21T14:25:48.385Z</time>
      </trkpt>
      <trkpt lat="47.558579" lon="10.016827">
        <ele>791.860571</ele>
        <time>2026-02-21T14:25:57.324Z</time>
      </trkpt>
      <trkpt lat="47.558658" lon="10.016879">
        <ele>792.710656</ele>
        <time>2026-02-21T14:26:07.655Z</time>
      </trkpt>
      <trkpt lat="47.558659" lon="10.016478">
        <ele>795.371852</ele>
        <time>2026-02-21T14:26:40.406Z</time>
      </trkpt>
      <trkpt lat="47.558646" lon="10.016351">
        <ele>796.224310</ele>
        <time>2026-02-21T14:26:51.175Z</time>
      </trkpt>
      <trkpt lat="47.558610" lon="10.016254">
        <ele>796.958965</ele>
        <time>2026-02-21T14:27:00.792Z</time>
      </trkpt>
      <trkpt lat="47.558620" lon="10.016108">
        <ele>797.932851</ele>
        <time>2026-02-21T14:27:13.350Z</time>
      </trkpt>
      <trkpt lat="47.558593" lon="10.015985">
        <ele>798.791222</ele>
        <time>2026-02-21T14:27:24.827Z</time>
      </trkpt>
      <trkpt lat="47.558554" lon="10.015932">
        <ele>799.311612</ele>
        <time>2026-02-21T14:27:31.646Z</time>
      </trkpt>
      <trkpt lat="47.558513" lon="10.015835">
        <ele>800.071186</ele>
        <time>2026-02-21T14:27:42.428Z</time>
      </trkpt>
      <trkpt lat="47.558413" lon="10.015560">
        <ele>802.144281</ele>
        <time>2026-02-21T14:28:14.814Z</time>
      </trkpt>
      <trkpt lat="47.558107" lon="10.015389">
        <ele>805.360367</ele>
        <time>2026-02-21T14:29:15.371Z</time>
      </trkpt>
      <trkpt lat="47.558101" lon="10.015385">
        <ele>805.425068</ele>
        <time>2026-02-21T14:29:16.731Z</time>
      </trkpt>
      <trkpt lat="47.557752" lon="10.014999">
        <ele>814.212676</ele>
        <time>2026-02-21T14:30:43.656Z</time>
      </trkpt>
      <trkpt lat="47.557724" lon="10.014917">
        <ele>815.488636</ele>
        <time>2026-02-21T14:30:56.379Z</time>
      </trkpt>
      <trkpt lat="47.557798" lon="10.014641">
        <ele>819.612071</ele>
        <time>2026-02-21T14:31:36.928Z</time>
      </trkpt>
      <trkpt lat="47.557775" lon="10.014567">
        <ele>820.743244</ele>
        <time>2026-02-21T14:31:48.106Z</time>
      </trkpt>
      <trkpt lat="47.557817" lon="10.014463">
        <ele>822.426018</ele>
        <time>2026-02-21T14:32:05.443Z</time>
      </trkpt>
      <trkpt lat="47.557947" lon="10.014117">
        <ele>827.924352</ele>
        <time>2026-02-21T14:33:02.492Z</time>
      </trkpt>
      <trkpt lat="47.558160" lon="10.013670">
        <ele>835.521845</ele>
        <time>2026-02-21T14:34:23.177Z</time>
      </trkpt>
      <trkpt lat="47.558373" lon="10.013492">
        <ele>840.552951</ele>
        <time>2026-02-21T14:35:16.235Z</time>
      </trkpt>
      <trkpt lat="47.558439" lon="10.013259">
        <ele>843.769891</ele>
        <time>2026-02-21T14:35:50.984Z</time>
      </trkpt>
      <trkpt lat="47.558150" lon="10.012229">
        <ele>856.193019</ele>
        <time>2026-02-21T14:38:06.561Z</time>
      </trkpt>
      <trkpt lat="47.557900" lon="10.011557">
        <ele>864.739022</ele>
        <time>2026-02-21T14:39:34.070Z</time>
      </trkpt>
      <trkpt lat="47.557473" lon="10.011450">
        <ele>871.885938</ele>
        <time>2026-02-21T14:40:41.825Z</time>
      </trkpt>
      <trkpt lat="47.557026" lon="10.011553">
        <ele>877.936932</ele>
        <time>2026-02-21T14:41:48.944Z</time>
      </trkpt>
      <trkpt lat="47.556619" lon="10.011816">
        <ele>883.800544</ele>
        <time>2026-02-21T14:42:56.475Z</time>
      </trkpt>
      <trkpt lat="47.556296" lon="10.011757">
        <ele>888.098315</ele>
        <time>2026-02-21T14:43:45.313Z</time>
      </trkpt>
      <trkpt lat="47.555775" lon="10.010941">
        <ele>897.855003</ele>
        <time>2026-02-21T14:45:40.599Z</time>
      </trkpt>
      <trkpt lat="47.555109" lon="10.010255">
        <ele>907.258901</ele>
        <time>2026-02-21T14:47:43.981Z</time>
      </trkpt>
      <trkpt lat="47.554218" lon="10.008934">
        <ele>920.665306</ele>
        <time>2026-02-21T14:50:31.805Z</time>
      </trkpt>
      <trkpt lat="47.553430" lon="10.008181">
        <ele>928.909501</ele>
        <time>2026-02-21T14:52:32.639Z</time>
      </trkpt>
      <trkpt lat="47.553400" lon="10.008152">
        <ele>929.224440</ele>
        <time>2026-02-21T14:52:37.246Z</time>
      </trkpt>
      <trkpt lat="47.553065" lon="10.007045">
        <ele>935.828357</ele>
        <time>2026-02-21T14:54:21.372Z</time>
      </trkpt>
      <trkpt lat="47.553027" lon="10.006761">
        <ele>937.272436</ele>
        <time>2026-02-21T14:54:47.180Z</time>
      </trkpt>
      <trkpt lat="47.552816" lon="10.006921">
        <ele>939.024116</ele>
        <time>2026-02-21T14:55:18.182Z</time>
      </trkpt>
      <trkpt lat="47.553027" lon="10.006761">
        <ele>940.775796</ele>
        <time>2026-02-21T14:55:48.486Z</time>
      </trkpt>
      <trkpt lat="47.553205" lon="10.006139">
        <ele>944.145515</ele>
        <time>2026-02-21T14:56:46.849Z</time>
      </trkpt>
      <trkpt lat="47.553267" lon="10.006010">
        <ele>944.935401</ele>
        <time>2026-02-21T14:56:59.752Z</time>
      </trkpt>
      <trkpt lat="47.553586" lon="10.005756">
        <ele>945.842875</ele>
        <time>2026-02-21T14:57:40.046Z</time>
      </trkpt>
      <trkpt lat="47.553705" lon="10.005524">
        <ele>945.716869</ele>
        <time>2026-02-21T14:58:01.558Z</time>
      </trkpt>
      <trkpt lat="47.553790" lon="10.005186">
        <ele>945.560895</ele>
        <time>2026-02-21T14:58:27.476Z</time>
      </trkpt>
      <trkpt lat="47.553832" lon="10.005125">
        <ele>945.523213</ele>
        <time>2026-02-21T14:58:33.744Z</time>
      </trkpt>
      <trkpt lat="47.554053" lon="10.005002">
        <ele>945.371955</ele>
        <time>2026-02-21T14:58:57.379Z</time>
      </trkpt>
      <trkpt lat="47.554211" lon="10.005010">
        <ele>945.270663</ele>
        <time>2026-02-21T14:59:13.456Z</time>
      </trkpt>
      <trkpt lat="47.554301" lon="10.004940">
        <ele>945.205537</ele>
        <time>2026-02-21T14:59:24.059Z</time>
      </trkpt>
      <trkpt lat="47.554379" lon="10.004822">
        <ele>945.134115</ele>
        <time>2026-02-21T14:59:35.646Z</time>
      </trkpt>
      <trkpt lat="47.554475" lon="10.004537">
        <ele>944.996381</ele>
        <time>2026-02-21T14:59:59.078Z</time>
      </trkpt>
      <trkpt lat="47.554511" lon="10.003730">
        <ele>942.134830</ele>
        <time>2026-02-21T15:01:01.614Z</time>
      </trkpt>
      <trkpt lat="47.554533" lon="10.003583">
        <ele>941.185298</ele>
        <time>2026-02-21T15:01:13.227Z</time>
      </trkpt>
      <trkpt lat="47.554634" lon="10.003449">
        <ele>939.918513</ele>
        <time>2026-02-21T15:01:28.590Z</time>
      </trkpt>
      <trkpt lat="47.554763" lon="10.003347">
        <ele>938.552240</ele>
        <time>2026-02-21T15:01:45.219Z</time>
      </trkpt>
      <trkpt lat="47.554985" lon="10.003266">
        <ele>936.415891</ele>
        <time>2026-02-21T15:02:11.625Z</time>
      </trkpt>
      <trkpt lat="47.554942" lon="10.003044">
        <ele>934.959407</ele>
        <time>2026-02-21T15:02:29.953Z</time>
      </trkpt>
      <trkpt lat="47.554808" lon="10.002691">
        <ele>932.405355</ele>
        <time>2026-02-21T15:03:03.050Z</time>
      </trkpt>
      <trkpt lat="47.554596" lon="10.002354">
        <ele>929.500092</ele>
        <time>2026-02-21T15:03:42.049Z</time>
      </trkpt>
      <trkpt lat="47.554534" lon="10.002139">
        <ele>928.025674</ele>
        <time>2026-02-21T15:04:02.076Z</time>
      </trkpt>
      <trkpt lat="47.554502" lon="10.001684">
        <ele>923.844955</ele>
        <time>2026-02-21T15:04:41.011Z</time>
      </trkpt>
      <trkpt lat="47.554566" lon="10.001141">
        <ele>918.807015</ele>
        <time>2026-02-21T15:05:28.434Z</time>
      </trkpt>
      <trkpt lat="47.554674" lon="10.000650">
        <ele>914.087129</ele>
        <time>2026-02-21T15:06:13.094Z</time>
      </trkpt>
      <trkpt lat="47.554761" lon="10.000442">
        <ele>911.850594</ele>
        <time>2026-02-21T15:06:34.305Z</time>
      </trkpt>
      <trkpt lat="47.554888" lon="10.000303">
        <ele>909.712381</ele>
        <time>2026-02-21T15:06:54.418Z</time>
      </trkpt>
      <trkpt lat="47.555028" lon="10.000245">
        <ele>907.743726</ele>
        <time>2026-02-21T15:07:12.881Z</time>
      </trkpt>
      <trkpt lat="47.555285" lon="10.000157">
        <ele>904.171594</ele>
        <time>2026-02-21T15:07:45.990Z</time>
      </trkpt>
      <trkpt lat="47.556719" lon="10.000351">
        <ele>887.518721</ele>
        <time>2026-02-21T15:10:42.746Z</time>
      </trkpt>
      <trkpt lat="47.557136" lon="10.000422">
        <ele>882.732300</ele>
        <time>2026-02-21T15:11:33.632Z</time>
      </trkpt>
      <trkpt lat="47.557409" lon="10.000509">
        <ele>880.054695</ele>
        <time>2026-02-21T15:12:07.451Z</time>
      </trkpt>
      <trkpt lat="47.559421" lon="10.001451">
        <ele>860.550940</ele>
        <time>2026-02-21T15:16:17.291Z</time>
      </trkpt>
      <trkpt lat="47.559776" lon="10.001875">
        <ele>856.719884</ele>
        <time>2026-02-21T15:17:09.965Z</time>
      </trkpt>
      <trkpt lat="47.559776" lon="10.001875">
        <ele>856.719884</ele>
        <time>2026-02-21T15:17:10.108Z</time>
      </trkpt>
      <trkpt lat="47.559776" lon="10.001875">
        <ele>856.719884</ele>
        <time>2026-02-21T15:17:10.108Z</time>
      </trkpt>
      <trkpt lat="47.559930" lon="10.001739">
        <ele>855.213577</ele>
        <time>2026-02-21T15:17:28.100Z</time>
      </trkpt>
      <trkpt lat="47.559934" lon="10.001739">
        <ele>855.179968</ele>
        <time>2026-02-21T15:17:28.501Z</time>
      </trkpt>
      <trkpt lat="47.559937" lon="10.001740">
        <ele>855.154131</ele>
        <time>2026-02-21T15:17:28.807Z</time>
      </trkpt>
      <trkpt lat="47.559941" lon="10.001740">
        <ele>855.120522</ele>
        <time>2026-02-21T15:17:29.208Z</time>
      </trkpt>
      <trkpt lat="47.559944" lon="10.001740">
        <ele>855.095315</ele>
        <time>2026-02-21T15:17:29.510Z</time>
      </trkpt>
      <trkpt lat="47.559954" lon="10.001740">
        <ele>855.011292</ele>
        <time>2026-02-21T15:17:30.512Z</time>
      </trkpt>
      <trkpt lat="47.559965" lon="10.001741">
        <ele>854.918692</ele>
        <time>2026-02-21T15:17:31.617Z</time>
      </trkpt>
      <trkpt lat="47.559973" lon="10.001740">
        <ele>854.851235</ele>
        <time>2026-02-21T15:17:32.422Z</time>
      </trkpt>
      <trkpt lat="47.559981" lon="10.001740">
        <ele>854.784017</ele>
        <time>2026-02-21T15:17:33.224Z</time>
      </trkpt>
      <trkpt lat="47.559986" lon="10.001740">
        <ele>854.742005</ele>
        <time>2026-02-21T15:17:33.724Z</time>
      </trkpt>
      <trkpt lat="47.559991" lon="10.001741">
        <ele>854.699613</ele>
        <time>2026-02-21T15:17:34.230Z</time>
      </trkpt>
      <trkpt lat="47.559996" lon="10.001741">
        <ele>854.657601</ele>
        <time>2026-02-21T15:17:34.731Z</time>
      </trkpt>
      <trkpt lat="47.560003" lon="10.001742">
        <ele>854.598512</ele>
        <time>2026-02-21T15:17:35.436Z</time>
      </trkpt>
      <trkpt lat="47.560010" lon="10.001743">
        <ele>854.539423</ele>
        <time>2026-02-21T15:17:36.141Z</time>
      </trkpt>
      <trkpt lat="47.560016" lon="10.001743">
        <ele>854.489009</ele>
        <time>2026-02-21T15:17:36.742Z</time>
      </trkpt>
      <trkpt lat="47.560023" lon="10.001744">
        <ele>854.429920</ele>
        <time>2026-02-21T15:17:37.445Z</time>
      </trkpt>
      <trkpt lat="47.560026" lon="10.001744">
        <ele>854.404714</ele>
        <time>2026-02-21T15:17:37.747Z</time>
      </trkpt>
      <trkpt lat="47.560029" lon="10.001744">
        <ele>854.379507</ele>
        <time>2026-02-21T15:17:38.048Z</time>
      </trkpt>
      <trkpt lat="47.560031" lon="10.001744">
        <ele>854.362702</ele>
        <time>2026-02-21T15:17:38.248Z</time>
      </trkpt>
      <trkpt lat="47.560038" lon="10.001744">
        <ele>854.303886</ele>
        <time>2026-02-21T15:17:38.949Z</time>
      </trkpt>
      <trkpt lat="47.560045" lon="10.001744">
        <ele>854.245069</ele>
        <time>2026-02-21T15:17:39.650Z</time>
      </trkpt>
      <trkpt lat="47.560048" lon="10.001745">
        <ele>854.219233</ele>
        <time>2026-02-21T15:17:39.958Z</time>
      </trkpt>
      <trkpt lat="47.560051" lon="10.001745">
        <ele>854.194026</ele>
        <time>2026-02-21T15:17:40.260Z</time>
      </trkpt>
      <trkpt lat="47.560054" lon="10.001746">
        <ele>854.168189</ele>
        <time>2026-02-21T15:17:40.570Z</time>
      </trkpt>
      <trkpt lat="47.560057" lon="10.001746">
        <ele>854.142982</ele>
        <time>2026-02-21T15:17:40.936Z</time>
      </trkpt>
      <trkpt lat="47.560060" lon="10.001747">
        <ele>854.117145</ele>
        <time>2026-02-21T15:17:41.249Z</time>
      </trkpt>
      <trkpt lat="47.560068" lon="10.001748">
        <ele>854.049688</ele>
        <time>2026-02-21T15:17:42.056Z</time>
      </trkpt>
      <trkpt lat="47.560077" lon="10.001749">
        <ele>853.973855</ele>
        <time>2026-02-21T15:17:42.963Z</time>
      </trkpt>
      <trkpt lat="47.560083" lon="10.001749">
        <ele>853.923441</ele>
        <time>2026-02-21T15:17:43.564Z</time>
      </trkpt>
      <trkpt lat="47.560090" lon="10.001750">
        <ele>853.864352</ele>
        <time>2026-02-21T15:17:44.268Z</time>
      </trkpt>
      <trkpt lat="47.560097" lon="10.001749">
        <ele>853.805263</ele>
        <time>2026-02-21T15:17:44.972Z</time>
      </trkpt>
      <trkpt lat="47.560104" lon="10.001749">
        <ele>853.746447</ele>
        <time>2026-02-21T15:17:45.673Z</time>
      </trkpt>
      <trkpt lat="47.560110" lon="10.001749">
        <ele>853.696033</ele>
        <time>2026-02-21T15:17:46.275Z</time>
      </trkpt>
      <trkpt lat="47.560117" lon="10.001749">
        <ele>853.637217</ele>
        <time>2026-02-21T15:17:46.976Z</time>
      </trkpt>
      <trkpt lat="47.560123" lon="10.001749">
        <ele>853.586803</ele>
        <time>2026-02-21T15:17:47.579Z</time>
      </trkpt>
      <trkpt lat="47.560130" lon="10.001749">
        <ele>853.527987</ele>
        <time>2026-02-21T15:17:48.280Z</time>
      </trkpt>
      <trkpt lat="47.560136" lon="10.001750">
        <ele>853.477255</ele>
        <time>2026-02-21T15:17:48.885Z</time>
      </trkpt>
      <trkpt lat="47.560142" lon="10.001750">
        <ele>853.426841</ele>
        <time>2026-02-21T15:17:49.485Z</time>
      </trkpt>
      <trkpt lat="47.560148" lon="10.001750">
        <ele>853.376427</ele>
        <time>2026-02-21T15:17:50.087Z</time>
      </trkpt>
      <trkpt lat="47.560154" lon="10.001751">
        <ele>853.325695</ele>
        <time>2026-02-21T15:17:50.693Z</time>
      </trkpt>
      <trkpt lat="47.560173" lon="10.001749">
        <ele>853.165649</ele>
        <time>2026-02-21T15:17:52.601Z</time>
      </trkpt>
      <trkpt lat="47.560182" lon="10.001748">
        <ele>853.089816</ele>
        <time>2026-02-21T15:17:53.505Z</time>
      </trkpt>
      <trkpt lat="47.560192" lon="10.001747">
        <ele>853.005602</ele>
        <time>2026-02-21T15:17:54.510Z</time>
      </trkpt>
      <trkpt lat="47.560199" lon="10.001746">
        <ele>852.946513</ele>
        <time>2026-02-21T15:17:55.213Z</time>
      </trkpt>
      <trkpt lat="47.560206" lon="10.001746">
        <ele>852.887697</ele>
        <time>2026-02-21T15:17:55.917Z</time>
      </trkpt>
      <trkpt lat="47.560209" lon="10.001745">
        <ele>852.861860</ele>
        <time>2026-02-21T15:17:56.291Z</time>
      </trkpt>
      <trkpt lat="47.560212" lon="10.001744">
        <ele>852.836023</ele>
        <time>2026-02-21T15:17:56.605Z</time>
      </trkpt>
      <trkpt lat="47.560218" lon="10.001742">
        <ele>852.784349</ele>
        <time>2026-02-21T15:17:57.224Z</time>
      </trkpt>
      <trkpt lat="47.560224" lon="10.001741">
        <ele>852.733618</ele>
        <time>2026-02-21T15:17:57.829Z</time>
      </trkpt>
      <trkpt lat="47.560231" lon="10.001739">
        <ele>852.673718</ele>
        <time>2026-02-21T15:17:58.545Z</time>
      </trkpt>
      <trkpt lat="47.560238" lon="10.001737">
        <ele>852.613819</ele>
        <time>2026-02-21T15:17:59.259Z</time>
      </trkpt>
      <trkpt lat="47.560246" lon="10.001736">
        <ele>852.546362</ele>
        <time>2026-02-21T15:18:00.063Z</time>
      </trkpt>
      <trkpt lat="47.560253" lon="10.001736">
        <ele>852.487545</ele>
        <time>2026-02-21T15:18:00.765Z</time>
      </trkpt>
      <trkpt lat="47.560259" lon="10.001735">
        <ele>852.436814</ele>
        <time>2026-02-21T15:18:01.369Z</time>
      </trkpt>
      <trkpt lat="47.560265" lon="10.001735">
        <ele>852.386400</ele>
        <time>2026-02-21T15:18:01.971Z</time>
      </trkpt>
      <trkpt lat="47.560272" lon="10.001734">
        <ele>852.327311</ele>
        <time>2026-02-21T15:18:02.676Z</time>
      </trkpt>
      <trkpt lat="47.560279" lon="10.001734">
        <ele>852.268495</ele>
        <time>2026-02-21T15:18:03.377Z</time>
      </trkpt>
      <trkpt lat="47.560287" lon="10.001732">
        <ele>852.200326</ele>
        <time>2026-02-21T15:18:04.190Z</time>
      </trkpt>
      <trkpt lat="47.560295" lon="10.001731">
        <ele>852.132869</ele>
        <time>2026-02-21T15:18:04.994Z</time>
      </trkpt>
      <trkpt lat="47.560299" lon="10.001731">
        <ele>852.099260</ele>
        <time>2026-02-21T15:18:05.395Z</time>
      </trkpt>
      <trkpt lat="47.560304" lon="10.001730">
        <ele>852.056867</ele>
        <time>2026-02-21T15:18:05.900Z</time>
      </trkpt>
      <trkpt lat="47.560317" lon="10.001733">
        <ele>851.946321</ele>
        <time>2026-02-21T15:18:07.219Z</time>
      </trkpt>
      <trkpt lat="47.560321" lon="10.001734">
        <ele>851.912236</ele>
        <time>2026-02-21T15:18:07.626Z</time>
      </trkpt>
      <trkpt lat="47.560325" lon="10.001735">
        <ele>851.878152</ele>
        <time>2026-02-21T15:18:08.032Z</time>
      </trkpt>
      <trkpt lat="47.560330" lon="10.001733">
        <ele>851.834637</ele>
        <time>2026-02-21T15:18:08.551Z</time>
      </trkpt>
      <trkpt lat="47.560335" lon="10.001731">
        <ele>851.791122</ele>
        <time>2026-02-21T15:18:09.070Z</time>
      </trkpt>
      <trkpt lat="47.560340" lon="10.001729">
        <ele>851.747607</ele>
        <time>2026-02-21T15:18:09.588Z</time>
      </trkpt>
      <trkpt lat="47.560345" lon="10.001727">
        <ele>851.704092</ele>
        <time>2026-02-21T15:18:10.108Z</time>
      </trkpt>
      <trkpt lat="47.560350" lon="10.001725">
        <ele>851.660576</ele>
        <time>2026-02-21T15:18:10.626Z</time>
      </trkpt>
      <trkpt lat="47.560354" lon="10.001724">
        <ele>851.626492</ele>
        <time>2026-02-21T15:18:11.033Z</time>
      </trkpt>
      <trkpt lat="47.560359" lon="10.001724">
        <ele>851.584481</ele>
        <time>2026-02-21T15:18:11.539Z</time>
      </trkpt>
      <trkpt lat="47.560367" lon="10.001722">
        <ele>851.516312</ele>
        <time>2026-02-21T15:18:12.399Z</time>
      </trkpt>
      <trkpt lat="47.560374" lon="10.001721">
        <ele>851.457223</ele>
        <time>2026-02-21T15:18:13.105Z</time>
      </trkpt>
      <trkpt lat="47.560378" lon="10.001720">
        <ele>851.423139</ele>
        <time>2026-02-21T15:18:13.512Z</time>
      </trkpt>
      <trkpt lat="47.560381" lon="10.001720">
        <ele>851.397932</ele>
        <time>2026-02-21T15:18:13.813Z</time>
      </trkpt>
      <trkpt lat="47.560385" lon="10.001719">
        <ele>851.363848</ele>
        <time>2026-02-21T15:18:14.219Z</time>
      </trkpt>
      <trkpt lat="47.560389" lon="10.001718">
        <ele>851.329764</ele>
        <time>2026-02-21T15:18:14.624Z</time>
      </trkpt>
      <trkpt lat="47.560396" lon="10.001717">
        <ele>851.270675</ele>
        <time>2026-02-21T15:18:15.329Z</time>
      </trkpt>
      <trkpt lat="47.560403" lon="10.001716">
        <ele>851.211586</ele>
        <time>2026-02-21T15:18:16.034Z</time>
      </trkpt>
      <trkpt lat="47.560407" lon="10.001715">
        <ele>851.177502</ele>
        <time>2026-02-21T15:18:16.440Z</time>
      </trkpt>
      <trkpt lat="47.560412" lon="10.001714">
        <ele>851.135109</ele>
        <time>2026-02-21T15:18:16.945Z</time>
      </trkpt>
      <trkpt lat="47.560417" lon="10.001714">
        <ele>851.093098</ele>
        <time>2026-02-21T15:18:17.448Z</time>
      </trkpt>
      <trkpt lat="47.560424" lon="10.001713">
        <ele>851.034009</ele>
        <time>2026-02-21T15:18:18.153Z</time>
      </trkpt>
      <trkpt lat="47.560430" lon="10.001713">
        <ele>850.983595</ele>
        <time>2026-02-21T15:18:18.754Z</time>
      </trkpt>
      <trkpt lat="47.560435" lon="10.001711">
        <ele>850.940080</ele>
        <time>2026-02-21T15:18:19.273Z</time>
      </trkpt>
      <trkpt lat="47.560441" lon="10.001710">
        <ele>850.889348</ele>
        <time>2026-02-21T15:18:19.877Z</time>
      </trkpt>
      <trkpt lat="47.560446" lon="10.001708">
        <ele>850.845833</ele>
        <time>2026-02-21T15:18:20.396Z</time>
      </trkpt>
      <trkpt lat="47.560451" lon="10.001707">
        <ele>850.803441</ele>
        <time>2026-02-21T15:18:20.902Z</time>
      </trkpt>
      <trkpt lat="47.560457" lon="10.001705">
        <ele>850.751767</ele>
        <time>2026-02-21T15:18:21.518Z</time>
      </trkpt>
      <trkpt lat="47.560463" lon="10.001703">
        <ele>850.700093</ele>
        <time>2026-02-21T15:18:22.135Z</time>
      </trkpt>
      <trkpt lat="47.560467" lon="10.001702">
        <ele>850.666009</ele>
        <time>2026-02-21T15:18:22.541Z</time>
      </trkpt>
      <trkpt lat="47.560471" lon="10.001701">
        <ele>850.631925</ele>
        <time>2026-02-21T15:18:22.947Z</time>
      </trkpt>
      <trkpt lat="47.560477" lon="10.001700">
        <ele>850.583475</ele>
        <time>2026-02-21T15:18:23.552Z</time>
      </trkpt>
      <trkpt lat="47.560483" lon="10.001698">
        <ele>850.537809</ele>
        <time>2026-02-21T15:18:24.168Z</time>
      </trkpt>
      <trkpt lat="47.560489" lon="10.001698">
        <ele>850.493257</ele>
        <time>2026-02-21T15:18:24.769Z</time>
      </trkpt>
      <trkpt lat="47.560495" lon="10.001698">
        <ele>850.448705</ele>
        <time>2026-02-21T15:18:25.370Z</time>
      </trkpt>
      <trkpt lat="47.560501" lon="10.001699">
        <ele>850.403872</ele>
        <time>2026-02-21T15:18:25.975Z</time>
      </trkpt>
      <trkpt lat="47.560507" lon="10.001700">
        <ele>850.359038</ele>
        <time>2026-02-21T15:18:26.581Z</time>
      </trkpt>
      <trkpt lat="47.560513" lon="10.001701">
        <ele>850.314205</ele>
        <time>2026-02-21T15:18:27.242Z</time>
      </trkpt>
      <trkpt lat="47.560518" lon="10.001701">
        <ele>850.277078</ele>
        <time>2026-02-21T15:18:27.748Z</time>
      </trkpt>
      <trkpt lat="47.560524" lon="10.001700">
        <ele>850.232245</ele>
        <time>2026-02-21T15:18:28.355Z</time>
      </trkpt>
      <trkpt lat="47.560530" lon="10.001699">
        <ele>850.187412</ele>
        <time>2026-02-21T15:18:28.961Z</time>
      </trkpt>
      <trkpt lat="47.560535" lon="10.001698">
        <ele>850.149949</ele>
        <time>2026-02-21T15:18:29.466Z</time>
      </trkpt>
      <trkpt lat="47.560539" lon="10.001698">
        <ele>850.120247</ele>
        <time>2026-02-21T15:18:29.867Z</time>
      </trkpt>
      <trkpt lat="47.560544" lon="10.001697">
        <ele>850.082784</ele>
        <time>2026-02-21T15:18:30.372Z</time>
      </trkpt>
      <trkpt lat="47.560559" lon="10.001697">
        <ele>849.971403</ele>
        <time>2026-02-21T15:18:31.876Z</time>
      </trkpt>
      <trkpt lat="47.560569" lon="10.001697">
        <ele>849.897149</ele>
        <time>2026-02-21T15:18:32.878Z</time>
      </trkpt>
      <trkpt lat="47.560578" lon="10.001697">
        <ele>849.830321</ele>
        <time>2026-02-21T15:18:33.780Z</time>
      </trkpt>
      <trkpt lat="47.560585" lon="10.001696">
        <ele>849.778102</ele>
        <time>2026-02-21T15:18:34.485Z</time>
      </trkpt>
      <trkpt lat="47.560592" lon="10.001695">
        <ele>849.725884</ele>
        <time>2026-02-21T15:18:35.189Z</time>
      </trkpt>
      <trkpt lat="47.560598" lon="10.001694">
        <ele>849.681051</ele>
        <time>2026-02-21T15:18:35.794Z</time>
      </trkpt>
      <trkpt lat="47.560605" lon="10.001693">
        <ele>849.628832</ele>
        <time>2026-02-21T15:18:36.499Z</time>
      </trkpt>
      <trkpt lat="47.560609" lon="10.001692">
        <ele>849.598711</ele>
        <time>2026-02-21T15:18:36.906Z</time>
      </trkpt>
      <trkpt lat="47.560612" lon="10.001691">
        <ele>849.575878</ele>
        <time>2026-02-21T15:18:37.214Z</time>
      </trkpt>
      <trkpt lat="47.560619" lon="10.001690">
        <ele>849.523660</ele>
        <time>2026-02-21T15:18:37.918Z</time>
      </trkpt>
      <trkpt lat="47.560626" lon="10.001689">
        <ele>849.471441</ele>
        <time>2026-02-21T15:18:38.623Z</time>
      </trkpt>
      <trkpt lat="47.560643" lon="10.001686">
        <ele>849.344318</ele>
        <time>2026-02-21T15:18:40.338Z</time>
      </trkpt>
      <trkpt lat="47.560650" lon="10.001686">
        <ele>849.292340</ele>
        <time>2026-02-21T15:18:41.040Z</time>
      </trkpt>
      <trkpt lat="47.560657" lon="10.001686">
        <ele>849.240363</ele>
        <time>2026-02-21T15:18:41.741Z</time>
      </trkpt>
      <trkpt lat="47.560662" lon="10.001686">
        <ele>849.203236</ele>
        <time>2026-02-21T15:18:42.246Z</time>
      </trkpt>
      <trkpt lat="47.560668" lon="10.001687">
        <ele>849.158403</ele>
        <time>2026-02-21T15:18:42.909Z</time>
      </trkpt>
      <trkpt lat="47.560674" lon="10.001687">
        <ele>849.113850</ele>
        <time>2026-02-21T15:18:43.514Z</time>
      </trkpt>
      <trkpt lat="47.560680" lon="10.001687">
        <ele>849.069298</ele>
        <time>2026-02-21T15:18:44.116Z</time>
      </trkpt>
      <trkpt lat="47.560687" lon="10.001688">
        <ele>849.017080</ele>
        <time>2026-02-21T15:18:44.821Z</time>
      </trkpt>
      <trkpt lat="47.560693" lon="10.001688">
        <ele>848.972527</ele>
        <time>2026-02-21T15:18:45.422Z</time>
      </trkpt>
      <trkpt lat="47.560698" lon="10.001689">
        <ele>848.935064</ele>
        <time>2026-02-21T15:18:45.928Z</time>
      </trkpt>
      <trkpt lat="47.560702" lon="10.001690">
        <ele>848.904943</ele>
        <time>2026-02-21T15:18:46.334Z</time>
      </trkpt>
      <trkpt lat="47.560707" lon="10.001691">
        <ele>848.867479</ele>
        <time>2026-02-21T15:18:46.840Z</time>
      </trkpt>
      <trkpt lat="47.560713" lon="10.001692">
        <ele>848.822646</ele>
        <time>2026-02-21T15:18:47.445Z</time>
      </trkpt>
      <trkpt lat="47.560719" lon="10.001693">
        <ele>848.777813</ele>
        <time>2026-02-21T15:18:48.050Z</time>
      </trkpt>
      <trkpt lat="47.560723" lon="10.001694">
        <ele>848.747692</ele>
        <time>2026-02-21T15:18:48.458Z</time>
      </trkpt>
      <trkpt lat="47.560727" lon="10.001695">
        <ele>848.717571</ele>
        <time>2026-02-21T15:18:48.864Z</time>
      </trkpt>
      <trkpt lat="47.560732" lon="10.001696">
        <ele>848.680107</ele>
        <time>2026-02-21T15:18:49.370Z</time>
      </trkpt>
      <trkpt lat="47.560736" lon="10.001696">
        <ele>848.650406</ele>
        <time>2026-02-21T15:18:49.771Z</time>
      </trkpt>
      <trkpt lat="47.560740" lon="10.001697">
        <ele>848.620284</ele>
        <time>2026-02-21T15:18:50.177Z</time>
      </trkpt>
      <trkpt lat="47.560746" lon="10.001698">
        <ele>848.575451</ele>
        <time>2026-02-21T15:18:50.782Z</time>
      </trkpt>
      <trkpt lat="47.560752" lon="10.001700">
        <ele>848.529786</ele>
        <time>2026-02-21T15:18:51.398Z</time>
      </trkpt>
      <trkpt lat="47.560758" lon="10.001701">
        <ele>848.484953</ele>
        <time>2026-02-21T15:18:52.004Z</time>
      </trkpt>
      <trkpt lat="47.560763" lon="10.001702">
        <ele>848.447489</ele>
        <time>2026-02-21T15:18:52.510Z</time>
      </trkpt>
      <trkpt lat="47.560769" lon="10.001703">
        <ele>848.402656</ele>
        <time>2026-02-21T15:18:53.115Z</time>
      </trkpt>
      <trkpt lat="47.560774" lon="10.001705">
        <ele>848.364201</ele>
        <time>2026-02-21T15:18:53.634Z</time>
      </trkpt>
      <trkpt lat="47.560778" lon="10.001705">
        <ele>848.334499</ele>
        <time>2026-02-21T15:18:54.034Z</time>
      </trkpt>
      <trkpt lat="47.560782" lon="10.001706">
        <ele>848.304378</ele>
        <time>2026-02-21T15:18:54.441Z</time>
      </trkpt>
      <trkpt lat="47.560787" lon="10.001707">
        <ele>848.266914</ele>
        <time>2026-02-21T15:18:54.946Z</time>
      </trkpt>
      <trkpt lat="47.560791" lon="10.001708">
        <ele>848.236793</ele>
        <time>2026-02-21T15:18:55.353Z</time>
      </trkpt>
      <trkpt lat="47.560796" lon="10.001709">
        <ele>848.199330</ele>
        <time>2026-02-21T15:18:55.859Z</time>
      </trkpt>
      <trkpt lat="47.560800" lon="10.001710">
        <ele>848.169209</ele>
        <time>2026-02-21T15:18:56.265Z</time>
      </trkpt>
      <trkpt lat="47.560806" lon="10.001711">
        <ele>848.124375</ele>
        <time>2026-02-21T15:18:56.870Z</time>
      </trkpt>
      <trkpt lat="47.560812" lon="10.001712">
        <ele>848.079542</ele>
        <time>2026-02-21T15:18:57.477Z</time>
      </trkpt>
      <trkpt lat="47.560833" lon="10.001717">
        <ele>847.921610</ele>
        <time>2026-02-21T15:18:59.651Z</time>
      </trkpt>
      <trkpt lat="47.560853" lon="10.001721">
        <ele>847.771756</ele>
        <time>2026-02-21T15:19:01.673Z</time>
      </trkpt>
      <trkpt lat="47.560866" lon="10.001724">
        <ele>847.674063</ele>
        <time>2026-02-21T15:19:02.992Z</time>
      </trkpt>
      <trkpt lat="47.560879" lon="10.001727">
        <ele>847.576369</ele>
        <time>2026-02-21T15:19:04.312Z</time>
      </trkpt>
      <trkpt lat="47.560888" lon="10.001729">
        <ele>847.508794</ele>
        <time>2026-02-21T15:19:05.224Z</time>
      </trkpt>
      <trkpt lat="47.560897" lon="10.001731">
        <ele>847.441218</ele>
        <time>2026-02-21T15:19:06.136Z</time>
      </trkpt>
      <trkpt lat="47.560900" lon="10.001732">
        <ele>847.418385</ele>
        <time>2026-02-21T15:19:06.444Z</time>
      </trkpt>
      <trkpt lat="47.560903" lon="10.001734">
        <ele>847.393959</ele>
        <time>2026-02-21T15:19:06.774Z</time>
      </trkpt>
      <trkpt lat="47.560906" lon="10.001735">
        <ele>847.371126</ele>
        <time>2026-02-21T15:19:07.082Z</time>
      </trkpt>
      <trkpt lat="47.560912" lon="10.001736">
        <ele>847.326293</ele>
        <time>2026-02-21T15:19:07.688Z</time>
      </trkpt>
      <trkpt lat="47.560918" lon="10.001737">
        <ele>847.281460</ele>
        <time>2026-02-21T15:19:08.293Z</time>
      </trkpt>
      <trkpt lat="47.560924" lon="10.001736">
        <ele>847.236627</ele>
        <time>2026-02-21T15:19:08.898Z</time>
      </trkpt>
      <trkpt lat="47.560929" lon="10.001735">
        <ele>847.199163</ele>
        <time>2026-02-21T15:19:09.403Z</time>
      </trkpt>
      <trkpt lat="47.560934" lon="10.001735">
        <ele>847.162037</ele>
        <time>2026-02-21T15:19:09.904Z</time>
      </trkpt>
      <trkpt lat="47.560939" lon="10.001735">
        <ele>847.124910</ele>
        <time>2026-02-21T15:19:10.405Z</time>
      </trkpt>
      <trkpt lat="47.560944" lon="10.001735">
        <ele>847.087783</ele>
        <time>2026-02-21T15:19:10.907Z</time>
      </trkpt>
      <trkpt lat="47.560967" lon="10.001739">
        <ele>846.915827</ele>
        <time>2026-02-21T15:19:13.233Z</time>
      </trkpt>
      <trkpt lat="47.560977" lon="10.001742">
        <ele>846.840067</ele>
        <time>2026-02-21T15:19:14.264Z</time>
      </trkpt>
      <trkpt lat="47.560987" lon="10.001744">
        <ele>846.765140</ele>
        <time>2026-02-21T15:19:15.277Z</time>
      </trkpt>
      <trkpt lat="47.560994" lon="10.001747">
        <ele>846.711033</ele>
        <time>2026-02-21T15:19:16.007Z</time>
      </trkpt>
      <trkpt lat="47.561001" lon="10.001749">
        <ele>846.658098</ele>
        <time>2026-02-21T15:19:16.721Z</time>
      </trkpt>
      <trkpt lat="47.561007" lon="10.001751">
        <ele>846.612432</ele>
        <time>2026-02-21T15:19:17.338Z</time>
      </trkpt>
      <trkpt lat="47.561012" lon="10.001753">
        <ele>846.573977</ele>
        <time>2026-02-21T15:19:17.857Z</time>
      </trkpt>
      <trkpt lat="47.561018" lon="10.001754">
        <ele>846.529144</ele>
        <time>2026-02-21T15:19:18.462Z</time>
      </trkpt>
      <trkpt lat="47.561024" lon="10.001755">
        <ele>846.484310</ele>
        <time>2026-02-21T15:19:19.068Z</time>
      </trkpt>
      <trkpt lat="47.561039" lon="10.001757">
        <ele>846.372480</ele>
        <time>2026-02-21T15:19:20.577Z</time>
      </trkpt>
      <trkpt lat="47.561045" lon="10.001758">
        <ele>846.327647</ele>
        <time>2026-02-21T15:19:21.182Z</time>
      </trkpt>
      <trkpt lat="47.561052" lon="10.001759">
        <ele>846.275428</ele>
        <time>2026-02-21T15:19:21.886Z</time>
      </trkpt>
      <trkpt lat="47.561061" lon="10.001762">
        <ele>846.206930</ele>
        <time>2026-02-21T15:19:22.812Z</time>
      </trkpt>
      <trkpt lat="47.561070" lon="10.001764">
        <ele>846.139355</ele>
        <time>2026-02-21T15:19:23.724Z</time>
      </trkpt>
      <trkpt lat="47.561076" lon="10.001767">
        <ele>846.092335</ele>
        <time>2026-02-21T15:19:24.358Z</time>
      </trkpt>
      <trkpt lat="47.561081" lon="10.001769">
        <ele>846.053879</ele>
        <time>2026-02-21T15:19:24.877Z</time>
      </trkpt>
      <trkpt lat="47.561087" lon="10.001771">
        <ele>846.008214</ele>
        <time>2026-02-21T15:19:25.493Z</time>
      </trkpt>
      <trkpt lat="47.561089" lon="10.001772">
        <ele>845.992540</ele>
        <time>2026-02-21T15:19:25.705Z</time>
      </trkpt>
      <trkpt lat="47.561092" lon="10.001773">
        <ele>845.969708</ele>
        <time>2026-02-21T15:19:26.013Z</time>
      </trkpt>
      <trkpt lat="47.561094" lon="10.001774">
        <ele>845.954035</ele>
        <time>2026-02-21T15:19:26.225Z</time>
      </trkpt>
      <trkpt lat="47.561097" lon="10.001776">
        <ele>845.929608</ele>
        <time>2026-02-21T15:19:26.554Z</time>
      </trkpt>
      <trkpt lat="47.561104" lon="10.001779">
        <ele>845.875500</ele>
        <time>2026-02-21T15:19:27.285Z</time>
      </trkpt>
      <trkpt lat="47.561112" lon="10.001781">
        <ele>845.815258</ele>
        <time>2026-02-21T15:19:28.098Z</time>
      </trkpt>
      <trkpt lat="47.561119" lon="10.001783">
        <ele>845.762323</ele>
        <time>2026-02-21T15:19:28.827Z</time>
      </trkpt>
      <trkpt lat="47.561125" lon="10.001784">
        <ele>845.717490</ele>
        <time>2026-02-21T15:19:29.437Z</time>
      </trkpt>
      <trkpt lat="47.561127" lon="10.001785">
        <ele>845.701817</ele>
        <time>2026-02-21T15:19:29.649Z</time>
      </trkpt>
      <trkpt lat="47.561129" lon="10.001785">
        <ele>845.686966</ele>
        <time>2026-02-21T15:19:29.849Z</time>
      </trkpt>
      <trkpt lat="47.561132" lon="10.001785">
        <ele>845.664690</ele>
        <time>2026-02-21T15:19:30.150Z</time>
      </trkpt>
      <trkpt lat="47.561134" lon="10.001786">
        <ele>845.649017</ele>
        <time>2026-02-21T15:19:30.363Z</time>
      </trkpt>
      <trkpt lat="47.561136" lon="10.001786">
        <ele>845.634166</ele>
        <time>2026-02-21T15:19:30.564Z</time>
      </trkpt>
      <trkpt lat="47.561143" lon="10.001787">
        <ele>845.581947</ele>
        <time>2026-02-21T15:19:31.268Z</time>
      </trkpt>
      <trkpt lat="47.561151" lon="10.001788">
        <ele>845.522333</ele>
        <time>2026-02-21T15:19:32.072Z</time>
      </trkpt>
      <trkpt lat="47.561157" lon="10.001790">
        <ele>845.476668</ele>
        <time>2026-02-21T15:19:32.689Z</time>
      </trkpt>
      <trkpt lat="47.561163" lon="10.001791">
        <ele>845.431835</ele>
        <time>2026-02-21T15:19:33.294Z</time>
      </trkpt>
      <trkpt lat="47.561170" lon="10.001793">
        <ele>845.378900</ele>
        <time>2026-02-21T15:19:34.009Z</time>
      </trkpt>
      <trkpt lat="47.561176" lon="10.001795">
        <ele>845.333235</ele>
        <time>2026-02-21T15:19:34.626Z</time>
      </trkpt>
      <trkpt lat="47.561180" lon="10.001797">
        <ele>845.301888</ele>
        <time>2026-02-21T15:19:35.049Z</time>
      </trkpt>
      <trkpt lat="47.561184" lon="10.001799">
        <ele>845.270542</ele>
        <time>2026-02-21T15:19:35.472Z</time>
      </trkpt>
      <trkpt lat="47.561188" lon="10.001801">
        <ele>845.239195</ele>
        <time>2026-02-21T15:19:35.895Z</time>
      </trkpt>
      <trkpt lat="47.561192" lon="10.001803">
        <ele>845.207848</ele>
        <time>2026-02-21T15:19:36.319Z</time>
      </trkpt>
      <trkpt lat="47.561199" lon="10.001806">
        <ele>845.153741</ele>
        <time>2026-02-21T15:19:37.048Z</time>
      </trkpt>
      <trkpt lat="47.561206" lon="10.001809">
        <ele>845.099633</ele>
        <time>2026-02-21T15:19:37.779Z</time>
      </trkpt>
      <trkpt lat="47.561213" lon="10.001810">
        <ele>845.047415</ele>
        <time>2026-02-21T15:19:38.484Z</time>
      </trkpt>
      <trkpt lat="47.561220" lon="10.001811">
        <ele>844.995196</ele>
        <time>2026-02-21T15:19:39.189Z</time>
      </trkpt>
      <trkpt lat="47.561226" lon="10.001812">
        <ele>844.950363</ele>
        <time>2026-02-21T15:19:39.794Z</time>
      </trkpt>
      <trkpt lat="47.561232" lon="10.001812">
        <ele>844.905811</ele>
        <time>2026-02-21T15:19:40.396Z</time>
      </trkpt>
      <trkpt lat="47.561238" lon="10.001813">
        <ele>844.860978</ele>
        <time>2026-02-21T15:19:41.001Z</time>
      </trkpt>
      <trkpt lat="47.561244" lon="10.001814">
        <ele>844.816145</ele>
        <time>2026-02-21T15:19:41.606Z</time>
      </trkpt>
      <trkpt lat="47.561246" lon="10.001814">
        <ele>844.801294</ele>
        <time>2026-02-21T15:19:41.807Z</time>
      </trkpt>
      <trkpt lat="47.561249" lon="10.001814">
        <ele>844.779018</ele>
        <time>2026-02-21T15:19:42.107Z</time>
      </trkpt>
      <trkpt lat="47.561251" lon="10.001815">
        <ele>844.763344</ele>
        <time>2026-02-21T15:19:42.319Z</time>
      </trkpt>
      <trkpt lat="47.561257" lon="10.001813">
        <ele>844.717679</ele>
        <time>2026-02-21T15:19:42.935Z</time>
      </trkpt>
      <trkpt lat="47.561263" lon="10.001812">
        <ele>844.672846</ele>
        <time>2026-02-21T15:19:43.541Z</time>
      </trkpt>
      <trkpt lat="47.561267" lon="10.001807">
        <ele>844.633989</ele>
        <time>2026-02-21T15:19:44.075Z</time>
      </trkpt>
      <trkpt lat="47.561272" lon="10.001802">
        <ele>844.589200</ele>
        <time>2026-02-21T15:19:44.685Z</time>
      </trkpt>
      <trkpt lat="47.561277" lon="10.001795">
        <ele>844.538125</ele>
        <time>2026-02-21T15:19:45.376Z</time>
      </trkpt>
      <trkpt lat="47.561281" lon="10.001788">
        <ele>844.492164</ele>
        <time>2026-02-21T15:19:45.998Z</time>
      </trkpt>
      <trkpt lat="47.561287" lon="10.001781">
        <ele>844.435462</ele>
        <time>2026-02-21T15:19:46.763Z</time>
      </trkpt>
      <trkpt lat="47.561292" lon="10.001773">
        <ele>844.380825</ele>
        <time>2026-02-21T15:19:47.500Z</time>
      </trkpt>
      <trkpt lat="47.561296" lon="10.001767">
        <ele>844.338564</ele>
        <time>2026-02-21T15:19:48.071Z</time>
      </trkpt>
      <trkpt lat="47.561301" lon="10.001761">
        <ele>844.290791</ele>
        <time>2026-02-21T15:19:48.716Z</time>
      </trkpt>
      <trkpt lat="47.561307" lon="10.001756">
        <ele>844.239678</ele>
        <time>2026-02-21T15:19:49.406Z</time>
      </trkpt>
      <trkpt lat="47.561312" lon="10.001751">
        <ele>844.194888</ele>
        <time>2026-02-21T15:19:50.011Z</time>
      </trkpt>
      <trkpt lat="47.561317" lon="10.001747">
        <ele>844.152697</ele>
        <time>2026-02-21T15:19:50.581Z</time>
      </trkpt>
      <trkpt lat="47.561322" lon="10.001743">
        <ele>844.110506</ele>
        <time>2026-02-21T15:19:51.150Z</time>
      </trkpt>
      <trkpt lat="47.561328" lon="10.001738">
        <ele>844.059392</ele>
        <time>2026-02-21T15:19:51.840Z</time>
      </trkpt>
      <trkpt lat="47.561334" lon="10.001732">
        <ele>844.005645</ele>
        <time>2026-02-21T15:19:52.565Z</time>
      </trkpt>
      <trkpt lat="47.561341" lon="10.001726">
        <ele>843.945600</ele>
        <time>2026-02-21T15:19:53.377Z</time>
      </trkpt>
      <trkpt lat="47.561347" lon="10.001720">
        <ele>843.891853</ele>
        <time>2026-02-21T15:19:54.102Z</time>
      </trkpt>
      <trkpt lat="47.561355" lon="10.001715">
        <ele>843.827383</ele>
        <time>2026-02-21T15:19:54.973Z</time>
      </trkpt>
      <trkpt lat="47.561361" lon="10.001709">
        <ele>843.773636</ele>
        <time>2026-02-21T15:19:55.698Z</time>
      </trkpt>
      <trkpt lat="47.561369" lon="10.001705">
        <ele>843.710943</ele>
        <time>2026-02-21T15:19:56.544Z</time>
      </trkpt>
      <trkpt lat="47.561376" lon="10.001700">
        <ele>843.653242</ele>
        <time>2026-02-21T15:19:57.323Z</time>
      </trkpt>
      <trkpt lat="47.561382" lon="10.001696">
        <ele>843.604389</ele>
        <time>2026-02-21T15:19:57.983Z</time>
      </trkpt>
      <trkpt lat="47.561389" lon="10.001693">
        <ele>843.550282</ele>
        <time>2026-02-21T15:19:58.713Z</time>
      </trkpt>
      <trkpt lat="47.561396" lon="10.001689">
        <ele>843.494574</ele>
        <time>2026-02-21T15:19:59.474Z</time>
      </trkpt>
      <trkpt lat="47.561402" lon="10.001685">
        <ele>843.445721</ele>
        <time>2026-02-21T15:20:00.138Z</time>
      </trkpt>
      <trkpt lat="47.561407" lon="10.001683">
        <ele>843.407265</ele>
        <time>2026-02-21T15:20:00.658Z</time>
      </trkpt>
      <trkpt lat="47.561412" lon="10.001680">
        <ele>843.367211</ele>
        <time>2026-02-21T15:20:01.200Z</time>
      </trkpt>
      <trkpt lat="47.561417" lon="10.001678">
        <ele>843.328755</ele>
        <time>2026-02-21T15:20:01.719Z</time>
      </trkpt>
      <trkpt lat="47.561423" lon="10.001674">
        <ele>843.279902</ele>
        <time>2026-02-21T15:20:02.378Z</time>
      </trkpt>
      <trkpt lat="47.561430" lon="10.001671">
        <ele>843.225795</ele>
        <time>2026-02-21T15:20:03.109Z</time>
      </trkpt>
      <trkpt lat="47.561437" lon="10.001668">
        <ele>843.171687</ele>
        <time>2026-02-21T15:20:03.839Z</time>
      </trkpt>
      <trkpt lat="47.561443" lon="10.001665">
        <ele>843.124667</ele>
        <time>2026-02-21T15:20:04.474Z</time>
      </trkpt>
      <trkpt lat="47.561450" lon="10.001662">
        <ele>843.070560</ele>
        <time>2026-02-21T15:20:05.206Z</time>
      </trkpt>
      <trkpt lat="47.561456" lon="10.001659">
        <ele>843.023540</ele>
        <time>2026-02-21T15:20:05.841Z</time>
      </trkpt>
      <trkpt lat="47.561463" lon="10.001656">
        <ele>842.969432</ele>
        <time>2026-02-21T15:20:06.571Z</time>
      </trkpt>
      <trkpt lat="47.561470" lon="10.001654">
        <ele>842.916498</ele>
        <time>2026-02-21T15:20:07.285Z</time>
      </trkpt>
      <trkpt lat="47.561477" lon="10.001652">
        <ele>842.863563</ele>
        <time>2026-02-21T15:20:08.000Z</time>
      </trkpt>
      <trkpt lat="47.561484" lon="10.001651">
        <ele>842.811344</ele>
        <time>2026-02-21T15:20:08.705Z</time>
      </trkpt>
      <trkpt lat="47.561490" lon="10.001649">
        <ele>842.765679</ele>
        <time>2026-02-21T15:20:09.322Z</time>
      </trkpt>
      <trkpt lat="47.561496" lon="10.001647">
        <ele>842.720013</ele>
        <time>2026-02-21T15:20:09.939Z</time>
      </trkpt>
      <trkpt lat="47.561502" lon="10.001646">
        <ele>842.675180</ele>
        <time>2026-02-21T15:20:10.544Z</time>
      </trkpt>
      <trkpt lat="47.561507" lon="10.001645">
        <ele>842.637717</ele>
        <time>2026-02-21T15:20:11.050Z</time>
      </trkpt>
      <trkpt lat="47.561514" lon="10.001644">
        <ele>842.585498</ele>
        <time>2026-02-21T15:20:11.755Z</time>
      </trkpt>
      <trkpt lat="47.561520" lon="10.001643">
        <ele>842.540665</ele>
        <time>2026-02-21T15:20:12.360Z</time>
      </trkpt>
      <trkpt lat="47.561527" lon="10.001643">
        <ele>842.488687</ele>
        <time>2026-02-21T15:20:13.062Z</time>
      </trkpt>
      <trkpt lat="47.561534" lon="10.001642">
        <ele>842.436469</ele>
        <time>2026-02-21T15:20:13.767Z</time>
      </trkpt>
      <trkpt lat="47.561541" lon="10.001642">
        <ele>842.384491</ele>
        <time>2026-02-21T15:20:14.471Z</time>
      </trkpt>
      <trkpt lat="47.561549" lon="10.001643">
        <ele>842.324877</ele>
        <time>2026-02-21T15:20:15.283Z</time>
      </trkpt>
      <trkpt lat="47.561557" lon="10.001650">
        <ele>842.255892</ele>
        <time>2026-02-21T15:20:16.216Z</time>
      </trkpt>
      <trkpt lat="47.561559" lon="10.001651">
        <ele>842.240219</ele>
        <time>2026-02-21T15:20:16.429Z</time>
      </trkpt>
      <trkpt lat="47.561561" lon="10.001652">
        <ele>842.224546</ele>
        <time>2026-02-21T15:20:16.640Z</time>
      </trkpt>
      <trkpt lat="47.561565" lon="10.001651">
        <ele>842.194425</ele>
        <time>2026-02-21T15:20:17.047Z</time>
      </trkpt>
      <trkpt lat="47.561568" lon="10.001650">
        <ele>842.171592</ele>
        <time>2026-02-21T15:20:17.355Z</time>
      </trkpt>
      <trkpt lat="47.561575" lon="10.001649">
        <ele>842.119373</ele>
        <time>2026-02-21T15:20:18.060Z</time>
      </trkpt>
      <trkpt lat="47.561582" lon="10.001649">
        <ele>842.067396</ele>
        <time>2026-02-21T15:20:18.762Z</time>
      </trkpt>
      <trkpt lat="47.561589" lon="10.001650">
        <ele>842.015177</ele>
        <time>2026-02-21T15:20:19.467Z</time>
      </trkpt>
      <trkpt lat="47.561597" lon="10.001650">
        <ele>841.955774</ele>
        <time>2026-02-21T15:20:20.270Z</time>
      </trkpt>
      <trkpt lat="47.561605" lon="10.001652">
        <ele>841.895532</ele>
        <time>2026-02-21T15:20:21.084Z</time>
      </trkpt>
      <trkpt lat="47.561613" lon="10.001653">
        <ele>841.835918</ele>
        <time>2026-02-21T15:20:21.889Z</time>
      </trkpt>
      <trkpt lat="47.561621" lon="10.001654">
        <ele>841.776304</ele>
        <time>2026-02-21T15:20:22.693Z</time>
      </trkpt>
      <trkpt lat="47.561629" lon="10.001654">
        <ele>841.716901</ele>
        <time>2026-02-21T15:20:23.495Z</time>
      </trkpt>
      <trkpt lat="47.561637" lon="10.001653">
        <ele>841.657287</ele>
        <time>2026-02-21T15:20:24.301Z</time>
      </trkpt>
      <trkpt lat="47.561646" lon="10.001653">
        <ele>841.590459</ele>
        <time>2026-02-21T15:20:25.204Z</time>
      </trkpt>
      <trkpt lat="47.561654" lon="10.001653">
        <ele>841.531056</ele>
        <time>2026-02-21T15:20:26.005Z</time>
      </trkpt>
      <trkpt lat="47.561662" lon="10.001653">
        <ele>841.471653</ele>
        <time>2026-02-21T15:20:26.808Z</time>
      </trkpt>
      <trkpt lat="47.561669" lon="10.001656">
        <ele>841.417545</ele>
        <time>2026-02-21T15:20:27.539Z</time>
      </trkpt>
      <trkpt lat="47.561677" lon="10.001658">
        <ele>841.357303</ele>
        <time>2026-02-21T15:20:28.352Z</time>
      </trkpt>
      <trkpt lat="47.561684" lon="10.001663">
        <ele>841.299603</ele>
        <time>2026-02-21T15:20:29.131Z</time>
      </trkpt>
      <trkpt lat="47.561692" lon="10.001667">
        <ele>841.236910</ele>
        <time>2026-02-21T15:20:29.980Z</time>
      </trkpt>
      <trkpt lat="47.561699" lon="10.001670">
        <ele>841.182802</ele>
        <time>2026-02-21T15:20:30.715Z</time>
      </trkpt>
      <trkpt lat="47.561706" lon="10.001672">
        <ele>841.129867</ele>
        <time>2026-02-21T15:20:31.431Z</time>
      </trkpt>
      <trkpt lat="47.561712" lon="10.001674">
        <ele>841.084202</ele>
        <time>2026-02-21T15:20:32.049Z</time>
      </trkpt>
      <trkpt lat="47.561719" lon="10.001675">
        <ele>841.031983</ele>
        <time>2026-02-21T15:20:32.754Z</time>
      </trkpt>
      <trkpt lat="47.561727" lon="10.001677">
        <ele>840.971741</ele>
        <time>2026-02-21T15:20:33.567Z</time>
      </trkpt>
      <trkpt lat="47.561734" lon="10.001679">
        <ele>840.918806</ele>
        <time>2026-02-21T15:20:34.282Z</time>
      </trkpt>
      <trkpt lat="47.561743" lon="10.001681">
        <ele>840.851230</ele>
        <time>2026-02-21T15:20:35.195Z</time>
      </trkpt>
      <trkpt lat="47.561752" lon="10.001683">
        <ele>840.783655</ele>
        <time>2026-02-21T15:20:36.108Z</time>
      </trkpt>
      <trkpt lat="47.561762" lon="10.001684">
        <ele>840.709232</ele>
        <time>2026-02-21T15:20:37.113Z</time>
      </trkpt>
      <trkpt lat="47.561772" lon="10.001686">
        <ele>840.634305</ele>
        <time>2026-02-21T15:20:38.124Z</time>
      </trkpt>
      <trkpt lat="47.561783" lon="10.001687">
        <ele>840.552473</ele>
        <time>2026-02-21T15:20:39.230Z</time>
      </trkpt>
      <trkpt lat="47.561794" lon="10.001689">
        <ele>840.470181</ele>
        <time>2026-02-21T15:20:40.341Z</time>
      </trkpt>
      <trkpt lat="47.561802" lon="10.001691">
        <ele>840.409939</ele>
        <time>2026-02-21T15:20:41.154Z</time>
      </trkpt>
      <trkpt lat="47.561811" lon="10.001692">
        <ele>840.342923</ele>
        <time>2026-02-21T15:20:42.060Z</time>
      </trkpt>
      <trkpt lat="47.561820" lon="10.001694">
        <ele>840.275347</ele>
        <time>2026-02-21T15:20:42.973Z</time>
      </trkpt>
      <trkpt lat="47.561828" lon="10.001696">
        <ele>840.215105</ele>
        <time>2026-02-21T15:20:43.786Z</time>
      </trkpt>
      <trkpt lat="47.561836" lon="10.001698">
        <ele>840.154863</ele>
        <time>2026-02-21T15:20:44.600Z</time>
      </trkpt>
      <trkpt lat="47.561845" lon="10.001700">
        <ele>840.087287</ele>
        <time>2026-02-21T15:20:45.515Z</time>
      </trkpt>
      <trkpt lat="47.561853" lon="10.001702">
        <ele>840.027045</ele>
        <time>2026-02-21T15:20:46.332Z</time>
      </trkpt>
      <trkpt lat="47.561862" lon="10.001704">
        <ele>839.959469</ele>
        <time>2026-02-21T15:20:47.246Z</time>
      </trkpt>
      <trkpt lat="47.561871" lon="10.001705">
        <ele>839.892453</ele>
        <time>2026-02-21T15:20:48.150Z</time>
      </trkpt>
      <trkpt lat="47.561881" lon="10.001706">
        <ele>839.818031</ele>
        <time>2026-02-21T15:20:49.156Z</time>
      </trkpt>
      <trkpt lat="47.561889" lon="10.001708">
        <ele>839.757788</ele>
        <time>2026-02-21T15:20:49.969Z</time>
      </trkpt>
      <trkpt lat="47.561898" lon="10.001710">
        <ele>839.690213</ele>
        <time>2026-02-21T15:20:50.882Z</time>
      </trkpt>
      <trkpt lat="47.561906" lon="10.001713">
        <ele>839.628938</ele>
        <time>2026-02-21T15:20:51.710Z</time>
      </trkpt>
      <trkpt lat="47.561915" lon="10.001716">
        <ele>839.560439</ele>
        <time>2026-02-21T15:20:52.635Z</time>
      </trkpt>
      <trkpt lat="47.561889" lon="10.001956">
        <ele>838.342499</ele>
        <time>2026-02-21T15:21:09.086Z</time>
      </trkpt>
      <trkpt lat="47.562551" lon="10.002111">
        <ele>834.113814</ele>
        <time>2026-02-21T15:22:25.035Z</time>
      </trkpt>
      <trkpt lat="47.562551" lon="10.002111">
        <ele>834.113814</ele>
        <time>2026-02-21T15:22:25.113Z</time>
      </trkpt>
      <trkpt lat="47.562551" lon="10.002111">
        <ele>834.113814</ele>
        <time>2026-02-21T15:22:25.113Z</time>
      </trkpt>
      <trkpt lat="47.562564" lon="10.001989">
        <ele>833.614265</ele>
        <time>2026-02-21T15:22:33.471Z</time>
      </trkpt>
      <trkpt lat="47.562570" lon="10.001995">
        <ele>833.570880</ele>
        <time>2026-02-21T15:22:34.196Z</time>
      </trkpt>
      <trkpt lat="47.562576" lon="10.002001">
        <ele>833.527495</ele>
        <time>2026-02-21T15:22:34.922Z</time>
      </trkpt>
      <trkpt lat="47.562581" lon="10.002007">
        <ele>833.488933</ele>
        <time>2026-02-21T15:22:35.567Z</time>
      </trkpt>
      <trkpt lat="47.562585" lon="10.002013">
        <ele>833.454820</ele>
        <time>2026-02-21T15:22:36.138Z</time>
      </trkpt>
      <trkpt lat="47.562590" lon="10.002019">
        <ele>833.416257</ele>
        <time>2026-02-21T15:22:36.783Z</time>
      </trkpt>
      <trkpt lat="47.562594" lon="10.002026">
        <ele>833.379158</ele>
        <time>2026-02-21T15:22:37.404Z</time>
      </trkpt>
      <trkpt lat="47.562598" lon="10.002032">
        <ele>833.345044</ele>
        <time>2026-02-21T15:22:37.975Z</time>
      </trkpt>
      <trkpt lat="47.562602" lon="10.002039">
        <ele>833.307945</ele>
        <time>2026-02-21T15:22:38.596Z</time>
      </trkpt>
      <trkpt lat="47.562607" lon="10.002046">
        <ele>833.266717</ele>
        <time>2026-02-21T15:22:39.286Z</time>
      </trkpt>
      <trkpt lat="47.562608" lon="10.002047">
        <ele>833.259486</ele>
        <time>2026-02-21T15:22:39.407Z</time>
      </trkpt>
      <trkpt lat="47.562609" lon="10.002049">
        <ele>833.249419</ele>
        <time>2026-02-21T15:22:39.575Z</time>
      </trkpt>
      <trkpt lat="47.562610" lon="10.002051">
        <ele>833.239351</ele>
        <time>2026-02-21T15:22:39.744Z</time>
      </trkpt>
      <trkpt lat="47.562611" lon="10.002052">
        <ele>833.232120</ele>
        <time>2026-02-21T15:22:39.865Z</time>
      </trkpt>
      <trkpt lat="47.562612" lon="10.002054">
        <ele>833.222052</ele>
        <time>2026-02-21T15:22:40.033Z</time>
      </trkpt>
      <trkpt lat="47.562616" lon="10.002061">
        <ele>833.184953</ele>
        <time>2026-02-21T15:22:40.661Z</time>
      </trkpt>
      <trkpt lat="47.562620" lon="10.002068">
        <ele>833.147853</ele>
        <time>2026-02-21T15:22:41.281Z</time>
      </trkpt>
      <trkpt lat="47.562624" lon="10.002075">
        <ele>833.110754</ele>
        <time>2026-02-21T15:22:41.902Z</time>
      </trkpt>
      <trkpt lat="47.562628" lon="10.002082">
        <ele>833.073654</ele>
        <time>2026-02-21T15:22:42.523Z</time>
      </trkpt>
      <trkpt lat="47.562631" lon="10.002090">
        <ele>833.036637</ele>
        <time>2026-02-21T15:22:43.142Z</time>
      </trkpt>
      <trkpt lat="47.562634" lon="10.002098">
        <ele>832.999620</ele>
        <time>2026-02-21T15:22:43.762Z</time>
      </trkpt>
      <trkpt lat="47.562638" lon="10.002105">
        <ele>832.962520</ele>
        <time>2026-02-21T15:22:44.383Z</time>
      </trkpt>
      <trkpt lat="47.562641" lon="10.002112">
        <ele>832.928981</ele>
        <time>2026-02-21T15:22:44.944Z</time>
      </trkpt>
      <trkpt lat="47.562644" lon="10.002120">
        <ele>832.891964</ele>
        <time>2026-02-21T15:22:45.564Z</time>
      </trkpt>
      <trkpt lat="47.562648" lon="10.002127">
        <ele>832.854864</ele>
        <time>2026-02-21T15:22:46.185Z</time>
      </trkpt>
      <trkpt lat="47.562651" lon="10.002137">
        <ele>832.810602</ele>
        <time>2026-02-21T15:22:46.925Z</time>
      </trkpt>
      <trkpt lat="47.562654" lon="10.002146">
        <ele>832.770002</ele>
        <time>2026-02-21T15:22:47.604Z</time>
      </trkpt>
      <trkpt lat="47.562658" lon="10.002156">
        <ele>832.722984</ele>
        <time>2026-02-21T15:22:48.391Z</time>
      </trkpt>
      <trkpt lat="47.562662" lon="10.002166">
        <ele>832.675967</ele>
        <time>2026-02-21T15:22:49.177Z</time>
      </trkpt>
      <trkpt lat="47.562667" lon="10.002175">
        <ele>832.628816</ele>
        <time>2026-02-21T15:22:49.966Z</time>
      </trkpt>
      <trkpt lat="47.562672" lon="10.002185">
        <ele>832.578477</ele>
        <time>2026-02-21T15:22:50.808Z</time>
      </trkpt>
      <trkpt lat="47.562677" lon="10.002196">
        <ele>832.524835</ele>
        <time>2026-02-21T15:22:51.706Z</time>
      </trkpt>
      <trkpt lat="47.562682" lon="10.002207">
        <ele>832.471193</ele>
        <time>2026-02-21T15:22:52.603Z</time>
      </trkpt>
      <trkpt lat="47.562686" lon="10.002218">
        <ele>832.420654</ele>
        <time>2026-02-21T15:22:53.450Z</time>
      </trkpt>
      <trkpt lat="47.562691" lon="10.002228">
        <ele>832.370315</ele>
        <time>2026-02-21T15:22:54.292Z</time>
      </trkpt>
      <trkpt lat="47.562694" lon="10.002240">
        <ele>832.318557</ele>
        <time>2026-02-21T15:22:55.158Z</time>
      </trkpt>
      <trkpt lat="47.562698" lon="10.002251">
        <ele>832.268018</ele>
        <time>2026-02-21T15:22:56.007Z</time>
      </trkpt>
      <trkpt lat="47.562702" lon="10.002263">
        <ele>832.213885</ele>
        <time>2026-02-21T15:22:56.912Z</time>
      </trkpt>
      <trkpt lat="47.562705" lon="10.002274">
        <ele>832.165898</ele>
        <time>2026-02-21T15:22:57.715Z</time>
      </trkpt>
      <trkpt lat="47.562708" lon="10.002286">
        <ele>832.114140</ele>
        <time>2026-02-21T15:22:58.581Z</time>
      </trkpt>
      <trkpt lat="47.562712" lon="10.002297">
        <ele>832.063601</ele>
        <time>2026-02-21T15:22:59.427Z</time>
      </trkpt>
      <trkpt lat="47.562717" lon="10.002308">
        <ele>832.009959</ele>
        <time>2026-02-21T15:23:00.325Z</time>
      </trkpt>
      <trkpt lat="47.562721" lon="10.002319">
        <ele>831.959420</ele>
        <time>2026-02-21T15:23:01.171Z</time>
      </trkpt>
      <trkpt lat="47.562725" lon="10.002329">
        <ele>831.912402</ele>
        <time>2026-02-21T15:23:01.957Z</time>
      </trkpt>
      <trkpt lat="47.562729" lon="10.002340">
        <ele>831.861864</ele>
        <time>2026-02-21T15:23:02.802Z</time>
      </trkpt>
      <trkpt lat="47.562731" lon="10.002346">
        <ele>831.834797</ele>
        <time>2026-02-21T15:23:03.255Z</time>
      </trkpt>
      <trkpt lat="47.562733" lon="10.002352">
        <ele>831.807730</ele>
        <time>2026-02-21T15:23:03.708Z</time>
      </trkpt>
      <trkpt lat="47.562735" lon="10.002363">
        <ele>831.761654</ele>
        <time>2026-02-21T15:23:04.479Z</time>
      </trkpt>
      <trkpt lat="47.562737" lon="10.002373">
        <ele>831.719469</ele>
        <time>2026-02-21T15:23:05.185Z</time>
      </trkpt>
      <trkpt lat="47.562737" lon="10.002383">
        <ele>831.679024</ele>
        <time>2026-02-21T15:23:05.861Z</time>
      </trkpt>
      <trkpt lat="47.562738" lon="10.002394">
        <ele>831.634132</ele>
        <time>2026-02-21T15:23:06.612Z</time>
      </trkpt>
      <trkpt lat="47.562737" lon="10.002403">
        <ele>831.597241</ele>
        <time>2026-02-21T15:23:07.230Z</time>
      </trkpt>
      <trkpt lat="47.562737" lon="10.002412">
        <ele>831.560840</ele>
        <time>2026-02-21T15:23:07.839Z</time>
      </trkpt>
      <trkpt lat="47.562736" lon="10.002423">
        <ele>831.515948</ele>
        <time>2026-02-21T15:23:08.590Z</time>
      </trkpt>
      <trkpt lat="47.562735" lon="10.002434">
        <ele>831.471056</ele>
        <time>2026-02-21T15:23:09.342Z</time>
      </trkpt>
      <trkpt lat="47.562736" lon="10.002445">
        <ele>831.426164</ele>
        <time>2026-02-21T15:23:10.093Z</time>
      </trkpt>
      <trkpt lat="47.562736" lon="10.002456">
        <ele>831.381675</ele>
        <time>2026-02-21T15:23:10.837Z</time>
      </trkpt>
      <trkpt lat="47.562738" lon="10.002467">
        <ele>831.335598</ele>
        <time>2026-02-21T15:23:11.612Z</time>
      </trkpt>
      <trkpt lat="47.562740" lon="10.002478">
        <ele>831.289521</ele>
        <time>2026-02-21T15:23:12.382Z</time>
      </trkpt>
      <trkpt lat="47.562743" lon="10.002488">
        <ele>831.245259</ele>
        <time>2026-02-21T15:23:13.123Z</time>
      </trkpt>
      <trkpt lat="47.562747" lon="10.002498">
        <ele>831.198241</ele>
        <time>2026-02-21T15:23:13.909Z</time>
      </trkpt>
      <trkpt lat="47.562751" lon="10.002508">
        <ele>831.151224</ele>
        <time>2026-02-21T15:23:14.697Z</time>
      </trkpt>
      <trkpt lat="47.562755" lon="10.002518">
        <ele>831.104206</ele>
        <time>2026-02-21T15:23:15.484Z</time>
      </trkpt>
      <trkpt lat="47.562758" lon="10.002528">
        <ele>831.059944</ele>
        <time>2026-02-21T15:23:16.225Z</time>
      </trkpt>
      <trkpt lat="47.562762" lon="10.002537">
        <ele>831.016357</ele>
        <time>2026-02-21T15:23:16.954Z</time>
      </trkpt>
      <trkpt lat="47.562765" lon="10.002546">
        <ele>830.975757</ele>
        <time>2026-02-21T15:23:17.633Z</time>
      </trkpt>
      <trkpt lat="47.562767" lon="10.002555">
        <ele>830.937433</ele>
        <time>2026-02-21T15:23:18.275Z</time>
      </trkpt>
      <trkpt lat="47.562772" lon="10.002564">
        <ele>830.890282</ele>
        <time>2026-02-21T15:23:19.064Z</time>
      </trkpt>
      <trkpt lat="47.562776" lon="10.002573">
        <ele>830.846695</ele>
        <time>2026-02-21T15:23:19.792Z</time>
      </trkpt>
      <trkpt lat="47.562782" lon="10.002582">
        <ele>830.795525</ele>
        <time>2026-02-21T15:23:20.649Z</time>
      </trkpt>
      <trkpt lat="47.562787" lon="10.002591">
        <ele>830.748375</ele>
        <time>2026-02-21T15:23:21.437Z</time>
      </trkpt>
      <trkpt lat="47.562792" lon="10.002601">
        <ele>830.698036</ele>
        <time>2026-02-21T15:23:22.280Z</time>
      </trkpt>
      <trkpt lat="47.562797" lon="10.002610">
        <ele>830.650886</ele>
        <time>2026-02-21T15:23:23.069Z</time>
      </trkpt>
      <trkpt lat="47.562803" lon="10.002619">
        <ele>830.599716</ele>
        <time>2026-02-21T15:23:23.925Z</time>
      </trkpt>
      <trkpt lat="47.562809" lon="10.002629">
        <ele>830.545594</ele>
        <time>2026-02-21T15:23:24.831Z</time>
      </trkpt>
      <trkpt lat="47.562815" lon="10.002639">
        <ele>830.491472</ele>
        <time>2026-02-21T15:23:25.737Z</time>
      </trkpt>
      <trkpt lat="47.562821" lon="10.002648">
        <ele>830.440303</ele>
        <time>2026-02-21T15:23:26.597Z</time>
      </trkpt>
      <trkpt lat="47.562826" lon="10.002659">
        <ele>830.386660</ele>
        <time>2026-02-21T15:23:27.493Z</time>
      </trkpt>
      <trkpt lat="47.562830" lon="10.002669">
        <ele>830.339643</ele>
        <time>2026-02-21T15:23:28.279Z</time>
      </trkpt>
      <trkpt lat="47.562833" lon="10.002679">
        <ele>830.295380</ele>
        <time>2026-02-21T15:23:29.020Z</time>
      </trkpt>
      <trkpt lat="47.562836" lon="10.002690">
        <ele>830.247394</ele>
        <time>2026-02-21T15:23:29.823Z</time>
      </trkpt>
      <trkpt lat="47.562838" lon="10.002699">
        <ele>830.209070</ele>
        <time>2026-02-21T15:23:30.465Z</time>
      </trkpt>
      <trkpt lat="47.562840" lon="10.002709">
        <ele>830.166886</ele>
        <time>2026-02-21T15:23:31.171Z</time>
      </trkpt>
      <trkpt lat="47.562842" lon="10.002717">
        <ele>830.132380</ele>
        <time>2026-02-21T15:23:31.748Z</time>
      </trkpt>
      <trkpt lat="47.562845" lon="10.002726">
        <ele>830.091781</ele>
        <time>2026-02-21T15:23:32.428Z</time>
      </trkpt>
      <trkpt lat="47.562849" lon="10.002734">
        <ele>830.051510</ele>
        <time>2026-02-21T15:23:33.101Z</time>
      </trkpt>
      <trkpt lat="47.562853" lon="10.002742">
        <ele>830.011239</ele>
        <time>2026-02-21T15:23:33.775Z</time>
      </trkpt>
      <trkpt lat="47.562857" lon="10.002749">
        <ele>829.974139</ele>
        <time>2026-02-21T15:23:34.396Z</time>
      </trkpt>
      <trkpt lat="47.562862" lon="10.002756">
        <ele>829.932912</ele>
        <time>2026-02-21T15:23:35.085Z</time>
      </trkpt>
      <trkpt lat="47.562866" lon="10.002764">
        <ele>829.892641</ele>
        <time>2026-02-21T15:23:35.758Z</time>
      </trkpt>
      <trkpt lat="47.562871" lon="10.002772">
        <ele>829.848538</ele>
        <time>2026-02-21T15:23:36.497Z</time>
      </trkpt>
      <trkpt lat="47.562875" lon="10.002780">
        <ele>829.808267</ele>
        <time>2026-02-21T15:23:37.170Z</time>
      </trkpt>
      <trkpt lat="47.562879" lon="10.002789">
        <ele>829.764680</ele>
        <time>2026-02-21T15:23:37.899Z</time>
      </trkpt>
      <trkpt lat="47.562883" lon="10.002797">
        <ele>829.724409</ele>
        <time>2026-02-21T15:23:38.573Z</time>
      </trkpt>
      <trkpt lat="47.562887" lon="10.002806">
        <ele>829.680822</ele>
        <time>2026-02-21T15:23:39.302Z</time>
      </trkpt>
      <trkpt lat="47.562891" lon="10.002814">
        <ele>829.640551</ele>
        <time>2026-02-21T15:23:39.976Z</time>
      </trkpt>
      <trkpt lat="47.562895" lon="10.002823">
        <ele>829.596964</ele>
        <time>2026-02-21T15:23:40.706Z</time>
      </trkpt>
      <trkpt lat="47.562899" lon="10.002831">
        <ele>829.556693</ele>
        <time>2026-02-21T15:23:41.379Z</time>
      </trkpt>
      <trkpt lat="47.562903" lon="10.002840">
        <ele>829.513106</ele>
        <time>2026-02-21T15:23:42.114Z</time>
      </trkpt>
      <trkpt lat="47.562907" lon="10.002849">
        <ele>829.469519</ele>
        <time>2026-02-21T15:23:42.842Z</time>
      </trkpt>
      <trkpt lat="47.562910" lon="10.002858">
        <ele>829.428920</ele>
        <time>2026-02-21T15:23:43.521Z</time>
      </trkpt>
      <trkpt lat="47.562914" lon="10.002867">
        <ele>829.385333</ele>
        <time>2026-02-21T15:23:44.250Z</time>
      </trkpt>
      <trkpt lat="47.562917" lon="10.002875">
        <ele>829.348316</ele>
        <time>2026-02-21T15:23:44.870Z</time>
      </trkpt>
      <trkpt lat="47.562921" lon="10.002883">
        <ele>829.308045</ele>
        <time>2026-02-21T15:23:45.544Z</time>
      </trkpt>
      <trkpt lat="47.562925" lon="10.002892">
        <ele>829.264458</ele>
        <time>2026-02-21T15:23:46.273Z</time>
      </trkpt>
      <trkpt lat="47.562929" lon="10.002900">
        <ele>829.224187</ele>
        <time>2026-02-21T15:23:46.947Z</time>
      </trkpt>
      <trkpt lat="47.562933" lon="10.002908">
        <ele>829.183916</ele>
        <time>2026-02-21T15:23:47.621Z</time>
      </trkpt>
      <trkpt lat="47.562938" lon="10.002915">
        <ele>829.142689</ele>
        <time>2026-02-21T15:23:48.310Z</time>
      </trkpt>
      <trkpt lat="47.562942" lon="10.002923">
        <ele>829.102418</ele>
        <time>2026-02-21T15:23:48.984Z</time>
      </trkpt>
      <trkpt lat="47.562947" lon="10.002930">
        <ele>829.061190</ele>
        <time>2026-02-21T15:23:49.674Z</time>
      </trkpt>
      <trkpt lat="47.562952" lon="10.002938">
        <ele>829.017087</ele>
        <time>2026-02-21T15:23:50.411Z</time>
      </trkpt>
      <trkpt lat="47.562956" lon="10.002945">
        <ele>828.979988</ele>
        <time>2026-02-21T15:23:51.031Z</time>
      </trkpt>
      <trkpt lat="47.562961" lon="10.002952">
        <ele>828.938760</ele>
        <time>2026-02-21T15:23:51.722Z</time>
      </trkpt>
      <trkpt lat="47.562966" lon="10.002959">
        <ele>828.897533</ele>
        <time>2026-02-21T15:23:52.411Z</time>
      </trkpt>
      <trkpt lat="47.562971" lon="10.002966">
        <ele>828.856306</ele>
        <time>2026-02-21T15:23:53.100Z</time>
      </trkpt>
      <trkpt lat="47.562976" lon="10.002973">
        <ele>828.815078</ele>
        <time>2026-02-21T15:23:53.790Z</time>
      </trkpt>
      <trkpt lat="47.562981" lon="10.002981">
        <ele>828.770975</ele>
        <time>2026-02-21T15:23:54.527Z</time>
      </trkpt>
      <trkpt lat="47.562986" lon="10.002989">
        <ele>828.726872</ele>
        <time>2026-02-21T15:23:55.266Z</time>
      </trkpt>
      <trkpt lat="47.562992" lon="10.002997">
        <ele>828.678496</ele>
        <time>2026-02-21T15:23:56.075Z</time>
      </trkpt>
      <trkpt lat="47.562997" lon="10.003006">
        <ele>828.631346</ele>
        <time>2026-02-21T15:23:56.863Z</time>
      </trkpt>
      <trkpt lat="47.563001" lon="10.003015">
        <ele>828.587759</ele>
        <time>2026-02-21T15:23:57.598Z</time>
      </trkpt>
      <trkpt lat="47.563006" lon="10.003023">
        <ele>828.543656</ele>
        <time>2026-02-21T15:23:58.335Z</time>
      </trkpt>
      <trkpt lat="47.563011" lon="10.003031">
        <ele>828.499553</ele>
        <time>2026-02-21T15:23:59.072Z</time>
      </trkpt>
      <trkpt lat="47.563017" lon="10.003040">
        <ele>828.448383</ele>
        <time>2026-02-21T15:23:59.928Z</time>
      </trkpt>
      <trkpt lat="47.563022" lon="10.003048">
        <ele>828.404280</ele>
        <time>2026-02-21T15:24:00.667Z</time>
      </trkpt>
      <trkpt lat="47.563028" lon="10.003057">
        <ele>828.353110</ele>
        <time>2026-02-21T15:24:01.523Z</time>
      </trkpt>
      <trkpt lat="47.563034" lon="10.003066">
        <ele>828.301940</ele>
        <time>2026-02-21T15:24:02.379Z</time>
      </trkpt>
      <trkpt lat="47.563040" lon="10.003076">
        <ele>828.247819</ele>
        <time>2026-02-21T15:24:03.284Z</time>
      </trkpt>
      <trkpt lat="47.563046" lon="10.003086">
        <ele>828.193697</ele>
        <time>2026-02-21T15:24:04.189Z</time>
      </trkpt>
      <trkpt lat="47.563049" lon="10.003109">
        <ele>828.098951</ele>
        <time>2026-02-21T15:24:05.773Z</time>
      </trkpt>
      <trkpt lat="47.563047" lon="10.003114">
        <ele>828.075443</ele>
        <time>2026-02-21T15:24:06.166Z</time>
      </trkpt>
      <trkpt lat="47.563045" lon="10.003120">
        <ele>828.048376</ele>
        <time>2026-02-21T15:24:06.619Z</time>
      </trkpt>
      <trkpt lat="47.563041" lon="10.003119">
        <ele>828.024062</ele>
        <time>2026-02-21T15:24:07.026Z</time>
      </trkpt>
      <trkpt lat="47.563038" lon="10.003118">
        <ele>828.005631</ele>
        <time>2026-02-21T15:24:07.334Z</time>
      </trkpt>
      <trkpt lat="47.563031" lon="10.003107">
        <ele>827.944478</ele>
        <time>2026-02-21T15:24:08.356Z</time>
      </trkpt>
      <trkpt lat="47.563029" lon="10.003101">
        <ele>827.917412</ele>
        <time>2026-02-21T15:24:08.809Z</time>
      </trkpt>
      <trkpt lat="47.563026" lon="10.003094">
        <ele>827.883873</ele>
        <time>2026-02-21T15:24:09.369Z</time>
      </trkpt>
      <trkpt lat="47.563028" lon="10.003094">
        <ele>827.871885</ele>
        <time>2026-02-21T15:24:09.570Z</time>
      </trkpt>
      <trkpt lat="47.563030" lon="10.003095">
        <ele>827.859233</ele>
        <time>2026-02-21T15:24:09.782Z</time>
      </trkpt>
      <trkpt lat="47.563036" lon="10.003100">
        <ele>827.817974</ele>
        <time>2026-02-21T15:24:10.472Z</time>
      </trkpt>
      <trkpt lat="47.563039" lon="10.003100">
        <ele>827.799993</ele>
        <time>2026-02-21T15:24:10.773Z</time>
      </trkpt>
      <trkpt lat="47.563042" lon="10.003101">
        <ele>827.781562</ele>
        <time>2026-02-21T15:24:11.081Z</time>
      </trkpt>
      <trkpt lat="47.563036" lon="10.003108">
        <ele>827.735792</ele>
        <time>2026-02-21T15:24:11.847Z</time>
      </trkpt>
      <trkpt lat="47.563042" lon="10.003112">
        <ele>827.696358</ele>
        <time>2026-02-21T15:24:12.514Z</time>
      </trkpt>
      <trkpt lat="47.563050" lon="10.003110">
        <ele>827.647730</ele>
        <time>2026-02-21T15:24:13.326Z</time>
      </trkpt>
      <trkpt lat="47.563053" lon="10.003110">
        <ele>827.629748</ele>
        <time>2026-02-21T15:24:13.627Z</time>
      </trkpt>
      <trkpt lat="47.563057" lon="10.003110">
        <ele>827.605773</ele>
        <time>2026-02-21T15:24:14.028Z</time>
      </trkpt>
      <trkpt lat="47.563055" lon="10.003115">
        <ele>827.582264</ele>
        <time>2026-02-21T15:24:14.421Z</time>
      </trkpt>
      <trkpt lat="47.563057" lon="10.003117">
        <ele>827.567803</ele>
        <time>2026-02-21T15:24:14.662Z</time>
      </trkpt>
      <trkpt lat="47.563057" lon="10.003119">
        <ele>827.559714</ele>
        <time>2026-02-21T15:24:14.798Z</time>
      </trkpt>
      <trkpt lat="47.563061" lon="10.003122">
        <ele>827.532843</ele>
        <time>2026-02-21T15:24:15.247Z</time>
      </trkpt>
      <trkpt lat="47.563065" lon="10.003124">
        <ele>827.507540</ele>
        <time>2026-02-21T15:24:15.671Z</time>
      </trkpt>
      <trkpt lat="47.563071" lon="10.003130">
        <ele>827.464155</ele>
        <time>2026-02-21T15:24:16.397Z</time>
      </trkpt>
      <trkpt lat="47.563077" lon="10.003135">
        <ele>827.422896</ele>
        <time>2026-02-21T15:24:17.087Z</time>
      </trkpt>
      <trkpt lat="47.563083" lon="10.003140">
        <ele>827.381637</ele>
        <time>2026-02-21T15:24:17.777Z</time>
      </trkpt>
      <trkpt lat="47.563090" lon="10.003146">
        <ele>827.333168</ele>
        <time>2026-02-21T15:24:18.588Z</time>
      </trkpt>
      <trkpt lat="47.563095" lon="10.003152">
        <ele>827.294606</ele>
        <time>2026-02-21T15:24:19.232Z</time>
      </trkpt>
      <trkpt lat="47.563101" lon="10.003158">
        <ele>827.251221</ele>
        <time>2026-02-21T15:24:19.958Z</time>
      </trkpt>
      <trkpt lat="47.563106" lon="10.003165">
        <ele>827.209994</ele>
        <time>2026-02-21T15:24:20.648Z</time>
      </trkpt>
      <trkpt lat="47.563111" lon="10.003172">
        <ele>827.168766</ele>
        <time>2026-02-21T15:24:21.336Z</time>
      </trkpt>
      <trkpt lat="47.563116" lon="10.003180">
        <ele>827.124663</ele>
        <time>2026-02-21T15:24:22.074Z</time>
      </trkpt>
      <trkpt lat="47.563120" lon="10.003187">
        <ele>827.087564</ele>
        <time>2026-02-21T15:24:22.694Z</time>
      </trkpt>
      <trkpt lat="47.563124" lon="10.003194">
        <ele>827.050465</ele>
        <time>2026-02-21T15:24:23.315Z</time>
      </trkpt>
      <trkpt lat="47.563128" lon="10.003201">
        <ele>827.013365</ele>
        <time>2026-02-21T15:24:23.935Z</time>
      </trkpt>
      <trkpt lat="47.563133" lon="10.003207">
        <ele>826.974803</ele>
        <time>2026-02-21T15:24:24.579Z</time>
      </trkpt>
      <trkpt lat="47.563137" lon="10.003212">
        <ele>826.943438</ele>
        <time>2026-02-21T15:24:25.104Z</time>
      </trkpt>
      <trkpt lat="47.563143" lon="10.003217">
        <ele>826.902179</ele>
        <time>2026-02-21T15:24:25.794Z</time>
      </trkpt>
      <trkpt lat="47.563148" lon="10.003222">
        <ele>826.866025</ele>
        <time>2026-02-21T15:24:26.399Z</time>
      </trkpt>
      <trkpt lat="47.563154" lon="10.003229">
        <ele>826.820256</ele>
        <time>2026-02-21T15:24:27.165Z</time>
      </trkpt>
      <trkpt lat="47.563159" lon="10.003235">
        <ele>826.781693</ele>
        <time>2026-02-21T15:24:27.809Z</time>
      </trkpt>
      <trkpt lat="47.563165" lon="10.003243">
        <ele>826.733317</ele>
        <time>2026-02-21T15:24:28.617Z</time>
      </trkpt>
      <trkpt lat="47.563170" lon="10.003251">
        <ele>826.689214</ele>
        <time>2026-02-21T15:24:29.354Z</time>
      </trkpt>
      <trkpt lat="47.563176" lon="10.003260">
        <ele>826.638045</ele>
        <time>2026-02-21T15:24:30.209Z</time>
      </trkpt>
      <trkpt lat="47.563182" lon="10.003269">
        <ele>826.586875</ele>
        <time>2026-02-21T15:24:31.066Z</time>
      </trkpt>
      <trkpt lat="47.563189" lon="10.003279">
        <ele>826.528598</ele>
        <time>2026-02-21T15:24:32.041Z</time>
      </trkpt>
      <trkpt lat="47.563196" lon="10.003289">
        <ele>826.470322</ele>
        <time>2026-02-21T15:24:33.015Z</time>
      </trkpt>
      <trkpt lat="47.563202" lon="10.003298">
        <ele>826.429284</ele>
        <time>2026-02-21T15:24:33.871Z</time>
      </trkpt>
      <trkpt lat="47.563209" lon="10.003307">
        <ele>826.386166</ele>
        <time>2026-02-21T15:24:34.800Z</time>
      </trkpt>
      <trkpt lat="47.563216" lon="10.003315">
        <ele>826.345036</ele>
        <time>2026-02-21T15:24:35.686Z</time>
      </trkpt>
      <trkpt lat="47.563223" lon="10.003323">
        <ele>826.303907</ele>
        <time>2026-02-21T15:24:36.571Z</time>
      </trkpt>
      <trkpt lat="47.563229" lon="10.003331">
        <ele>826.266354</ele>
        <time>2026-02-21T15:24:37.380Z</time>
      </trkpt>
      <trkpt lat="47.563236" lon="10.003340">
        <ele>826.223236</ele>
        <time>2026-02-21T15:24:38.309Z</time>
      </trkpt>
      <trkpt lat="47.563242" lon="10.003349">
        <ele>826.183514</ele>
        <time>2026-02-21T15:24:39.164Z</time>
      </trkpt>
      <trkpt lat="47.563249" lon="10.003358">
        <ele>826.140396</ele>
        <time>2026-02-21T15:24:40.093Z</time>
      </trkpt>
      <trkpt lat="47.563254" lon="10.003367">
        <ele>826.103795</ele>
        <time>2026-02-21T15:24:40.882Z</time>
      </trkpt>
      <trkpt lat="47.563261" lon="10.003377">
        <ele>826.058557</ele>
        <time>2026-02-21T15:24:41.856Z</time>
      </trkpt>
      <trkpt lat="47.563267" lon="10.003385">
        <ele>826.021004</ele>
        <time>2026-02-21T15:24:42.665Z</time>
      </trkpt>
      <trkpt lat="47.563274" lon="10.003393">
        <ele>825.979874</ele>
        <time>2026-02-21T15:24:43.550Z</time>
      </trkpt>
      <trkpt lat="47.563280" lon="10.003400">
        <ele>825.944345</ele>
        <time>2026-02-21T15:24:44.314Z</time>
      </trkpt>
      <trkpt lat="47.563287" lon="10.003407">
        <ele>825.905054</ele>
        <time>2026-02-21T15:24:45.161Z</time>
      </trkpt>
      <trkpt lat="47.563294" lon="10.003415">
        <ele>825.863924</ele>
        <time>2026-02-21T15:24:46.047Z</time>
      </trkpt>
      <trkpt lat="47.563302" lon="10.003422">
        <ele>825.820698</ele>
        <time>2026-02-21T15:24:46.979Z</time>
      </trkpt>
      <trkpt lat="47.563310" lon="10.003429">
        <ele>825.777472</ele>
        <time>2026-02-21T15:24:47.910Z</time>
      </trkpt>
      <trkpt lat="47.563317" lon="10.003437">
        <ele>825.736342</ele>
        <time>2026-02-21T15:24:48.797Z</time>
      </trkpt>
      <trkpt lat="47.563325" lon="10.003443">
        <ele>825.694625</ele>
        <time>2026-02-21T15:24:49.694Z</time>
      </trkpt>
      <trkpt lat="47.563334" lon="10.003448">
        <ele>825.649904</ele>
        <time>2026-02-21T15:24:50.658Z</time>
      </trkpt>
      <trkpt lat="47.563343" lon="10.003453">
        <ele>825.605183</ele>
        <time>2026-02-21T15:24:51.621Z</time>
      </trkpt>
      <trkpt lat="47.563352" lon="10.003459">
        <ele>825.559266</ele>
        <time>2026-02-21T15:24:52.609Z</time>
      </trkpt>
      <trkpt lat="47.563361" lon="10.003464">
        <ele>825.514545</ele>
        <time>2026-02-21T15:24:53.573Z</time>
      </trkpt>
      <trkpt lat="47.563371" lon="10.003470">
        <ele>825.464348</ele>
        <time>2026-02-21T15:24:54.653Z</time>
      </trkpt>
      <trkpt lat="47.563380" lon="10.003474">
        <ele>825.420630</ele>
        <time>2026-02-21T15:24:55.595Z</time>
      </trkpt>
      <trkpt lat="47.563389" lon="10.003478">
        <ele>825.376912</ele>
        <time>2026-02-21T15:24:56.537Z</time>
      </trkpt>
      <trkpt lat="47.563398" lon="10.003480">
        <ele>825.334569</ele>
        <time>2026-02-21T15:24:57.449Z</time>
      </trkpt>
      <trkpt lat="47.563406" lon="10.003483">
        <ele>825.296173</ele>
        <time>2026-02-21T15:24:58.275Z</time>
      </trkpt>
      <trkpt lat="47.563415" lon="10.003485">
        <ele>825.253830</ele>
        <time>2026-02-21T15:24:59.186Z</time>
      </trkpt>
      <trkpt lat="47.563424" lon="10.003487">
        <ele>825.211486</ele>
        <time>2026-02-21T15:25:00.097Z</time>
      </trkpt>
      <trkpt lat="47.563433" lon="10.003489">
        <ele>825.169143</ele>
        <time>2026-02-21T15:25:01.010Z</time>
      </trkpt>
      <trkpt lat="47.563443" lon="10.003492">
        <ele>825.121671</ele>
        <time>2026-02-21T15:25:02.033Z</time>
      </trkpt>
      <trkpt lat="47.563452" lon="10.003495">
        <ele>825.078750</ele>
        <time>2026-02-21T15:25:02.958Z</time>
      </trkpt>
      <trkpt lat="47.563461" lon="10.003498">
        <ele>825.035828</ele>
        <time>2026-02-21T15:25:03.882Z</time>
      </trkpt>
      <trkpt lat="47.563469" lon="10.003502">
        <ele>824.996544</ele>
        <time>2026-02-21T15:25:04.728Z</time>
      </trkpt>
      <trkpt lat="47.563478" lon="10.003506">
        <ele>824.952826</ele>
        <time>2026-02-21T15:25:05.670Z</time>
      </trkpt>
      <trkpt lat="47.563485" lon="10.003511">
        <ele>824.916671</ele>
        <time>2026-02-21T15:25:06.448Z</time>
      </trkpt>
      <trkpt lat="47.563492" lon="10.003515">
        <ele>824.881764</ele>
        <time>2026-02-21T15:25:07.200Z</time>
      </trkpt>
      <trkpt lat="47.563499" lon="10.003521">
        <ele>824.844139</ele>
        <time>2026-02-21T15:25:08.010Z</time>
      </trkpt>
      <trkpt lat="47.563506" lon="10.003527">
        <ele>824.806514</ele>
        <time>2026-02-21T15:25:08.820Z</time>
      </trkpt>
      <trkpt lat="47.563511" lon="10.003532">
        <ele>824.778449</ele>
        <time>2026-02-21T15:25:09.425Z</time>
      </trkpt>
      <trkpt lat="47.563517" lon="10.003536">
        <ele>824.747838</ele>
        <time>2026-02-21T15:25:10.084Z</time>
      </trkpt>
      <trkpt lat="47.563522" lon="10.003540">
        <ele>824.721401</ele>
        <time>2026-02-21T15:25:10.653Z</time>
      </trkpt>
      <trkpt lat="47.563530" lon="10.003544">
        <ele>824.682117</ele>
        <time>2026-02-21T15:25:11.499Z</time>
      </trkpt>
      <trkpt lat="47.563538" lon="10.003547">
        <ele>824.643721</ele>
        <time>2026-02-21T15:25:12.326Z</time>
      </trkpt>
      <trkpt lat="47.563545" lon="10.003550">
        <ele>824.609817</ele>
        <time>2026-02-21T15:25:13.057Z</time>
      </trkpt>
      <trkpt lat="47.563553" lon="10.003552">
        <ele>824.572069</ele>
        <time>2026-02-21T15:25:13.869Z</time>
      </trkpt>
      <trkpt lat="47.563560" lon="10.003554">
        <ele>824.538899</ele>
        <time>2026-02-21T15:25:14.582Z</time>
      </trkpt>
      <trkpt lat="47.563568" lon="10.003556">
        <ele>824.501151</ele>
        <time>2026-02-21T15:25:15.395Z</time>
      </trkpt>
      <trkpt lat="47.563575" lon="10.003557">
        <ele>824.468430</ele>
        <time>2026-02-21T15:25:16.100Z</time>
      </trkpt>
      <trkpt lat="47.563582" lon="10.003557">
        <ele>824.435860</ele>
        <time>2026-02-21T15:25:16.802Z</time>
      </trkpt>
      <trkpt lat="47.563589" lon="10.003557">
        <ele>824.403291</ele>
        <time>2026-02-21T15:25:17.504Z</time>
      </trkpt>
      <trkpt lat="47.563596" lon="10.003558">
        <ele>824.370570</ele>
        <time>2026-02-21T15:25:18.208Z</time>
      </trkpt>
      <trkpt lat="47.563603" lon="10.003559">
        <ele>824.337850</ele>
        <time>2026-02-21T15:25:18.913Z</time>
      </trkpt>
      <trkpt lat="47.563610" lon="10.003559">
        <ele>824.305280</ele>
        <time>2026-02-21T15:25:19.615Z</time>
      </trkpt>
      <trkpt lat="47.563617" lon="10.003561">
        <ele>824.272111</ele>
        <time>2026-02-21T15:25:20.329Z</time>
      </trkpt>
      <trkpt lat="47.563625" lon="10.003562">
        <ele>824.234756</ele>
        <time>2026-02-21T15:25:21.133Z</time>
      </trkpt>
      <trkpt lat="47.563633" lon="10.003563">
        <ele>824.197401</ele>
        <time>2026-02-21T15:25:21.938Z</time>
      </trkpt>
      <trkpt lat="47.563642" lon="10.003564">
        <ele>824.155408</ele>
        <time>2026-02-21T15:25:22.841Z</time>
      </trkpt>
      <trkpt lat="47.563649" lon="10.003562">
        <ele>824.122239</ele>
        <time>2026-02-21T15:25:23.556Z</time>
      </trkpt>
      <trkpt lat="47.563656" lon="10.003561">
        <ele>824.089518</ele>
        <time>2026-02-21T15:25:24.260Z</time>
      </trkpt>
      <trkpt lat="47.563664" lon="10.003560">
        <ele>824.052164</ele>
        <time>2026-02-21T15:25:25.065Z</time>
      </trkpt>
      <trkpt lat="47.563671" lon="10.003559">
        <ele>824.019443</ele>
        <time>2026-02-21T15:25:25.769Z</time>
      </trkpt>
      <trkpt lat="47.563679" lon="10.003558">
        <ele>823.982089</ele>
        <time>2026-02-21T15:25:26.573Z</time>
      </trkpt>
      <trkpt lat="47.563687" lon="10.003558">
        <ele>823.944866</ele>
        <time>2026-02-21T15:25:27.375Z</time>
      </trkpt>
      <trkpt lat="47.563693" lon="10.003558">
        <ele>823.916949</ele>
        <time>2026-02-21T15:25:27.977Z</time>
      </trkpt>
      <trkpt lat="47.563700" lon="10.003559">
        <ele>823.884229</ele>
        <time>2026-02-21T15:25:28.681Z</time>
      </trkpt>
      <trkpt lat="47.563706" lon="10.003560">
        <ele>823.856136</ele>
        <time>2026-02-21T15:25:29.285Z</time>
      </trkpt>
      <trkpt lat="47.563715" lon="10.003564">
        <ele>823.812418</ele>
        <time>2026-02-21T15:25:30.226Z</time>
      </trkpt>
      <trkpt lat="47.563723" lon="10.003567">
        <ele>823.774022</ele>
        <time>2026-02-21T15:25:31.053Z</time>
      </trkpt>
      <trkpt lat="47.563732" lon="10.003572">
        <ele>823.729301</ele>
        <time>2026-02-21T15:25:32.016Z</time>
      </trkpt>
      <trkpt lat="47.563741" lon="10.003578">
        <ele>823.683384</ele>
        <time>2026-02-21T15:25:33.005Z</time>
      </trkpt>
      <trkpt lat="47.563748" lon="10.003579">
        <ele>823.650664</ele>
        <time>2026-02-21T15:25:33.710Z</time>
      </trkpt>
      <trkpt lat="47.563755" lon="10.003581">
        <ele>823.617494</ele>
        <time>2026-02-21T15:25:34.424Z</time>
      </trkpt>
      <trkpt lat="47.563762" lon="10.003583">
        <ele>823.584325</ele>
        <time>2026-02-21T15:25:35.139Z</time>
      </trkpt>
      <trkpt lat="47.563771" lon="10.003584">
        <ele>823.542332</ele>
        <time>2026-02-21T15:25:36.043Z</time>
      </trkpt>
      <trkpt lat="47.563781" lon="10.003585">
        <ele>823.495698</ele>
        <time>2026-02-21T15:25:37.047Z</time>
      </trkpt>
      <trkpt lat="47.563789" lon="10.003585">
        <ele>823.458476</ele>
        <time>2026-02-21T15:25:37.848Z</time>
      </trkpt>
      <trkpt lat="47.563797" lon="10.003586">
        <ele>823.421121</ele>
        <time>2026-02-21T15:25:38.652Z</time>
      </trkpt>
      <trkpt lat="47.563805" lon="10.003587">
        <ele>823.383766</ele>
        <time>2026-02-21T15:25:39.457Z</time>
      </trkpt>
      <trkpt lat="47.563812" lon="10.003588">
        <ele>823.351046</ele>
        <time>2026-02-21T15:25:40.161Z</time>
      </trkpt>
      <trkpt lat="47.563820" lon="10.003589">
        <ele>823.313691</ele>
        <time>2026-02-21T15:25:40.965Z</time>
      </trkpt>
      <trkpt lat="47.563827" lon="10.003591">
        <ele>823.280522</ele>
        <time>2026-02-21T15:25:41.679Z</time>
      </trkpt>
      <trkpt lat="47.563834" lon="10.003592">
        <ele>823.247801</ele>
        <time>2026-02-21T15:25:42.384Z</time>
      </trkpt>
      <trkpt lat="47.563842" lon="10.003593">
        <ele>823.210447</ele>
        <time>2026-02-21T15:25:43.189Z</time>
      </trkpt>
      <trkpt lat="47.563852" lon="10.003595">
        <ele>823.163497</ele>
        <time>2026-02-21T15:25:44.199Z</time>
      </trkpt>
      <trkpt lat="47.563861" lon="10.003597">
        <ele>823.121153</ele>
        <time>2026-02-21T15:25:45.110Z</time>
      </trkpt>
      <trkpt lat="47.563871" lon="10.003599">
        <ele>823.074203</ele>
        <time>2026-02-21T15:25:46.120Z</time>
      </trkpt>
      <trkpt lat="47.563882" lon="10.003601">
        <ele>823.022639</ele>
        <time>2026-02-21T15:25:47.231Z</time>
      </trkpt>
      <trkpt lat="47.563892" lon="10.003603">
        <ele>822.975689</ele>
        <time>2026-02-21T15:25:48.243Z</time>
      </trkpt>
      <trkpt lat="47.563902" lon="10.003606">
        <ele>822.928217</ele>
        <time>2026-02-21T15:25:49.264Z</time>
      </trkpt>
      <trkpt lat="47.563912" lon="10.003608">
        <ele>822.881267</ele>
        <time>2026-02-21T15:25:50.276Z</time>
      </trkpt>
      <trkpt lat="47.563922" lon="10.003610">
        <ele>822.834317</ele>
        <time>2026-02-21T15:25:51.287Z</time>
      </trkpt>
      <trkpt lat="47.563931" lon="10.003612">
        <ele>822.791974</ele>
        <time>2026-02-21T15:25:52.199Z</time>
      </trkpt>
      <trkpt lat="47.563940" lon="10.003615">
        <ele>822.749053</ele>
        <time>2026-02-21T15:25:53.122Z</time>
      </trkpt>
      <trkpt lat="47.563951" lon="10.003616">
        <ele>822.697775</ele>
        <time>2026-02-21T15:25:54.226Z</time>
      </trkpt>
      <trkpt lat="47.563963" lon="10.003618">
        <ele>822.641590</ele>
        <time>2026-02-21T15:25:55.436Z</time>
      </trkpt>
      <trkpt lat="47.563975" lon="10.003618">
        <ele>822.585756</ele>
        <time>2026-02-21T15:25:56.638Z</time>
      </trkpt>
      <trkpt lat="47.563988" lon="10.003619">
        <ele>822.525188</ele>
        <time>2026-02-21T15:25:57.942Z</time>
      </trkpt>
      <trkpt lat="47.563999" lon="10.003620">
        <ele>822.473911</ele>
        <time>2026-02-21T15:25:59.047Z</time>
      </trkpt>
      <trkpt lat="47.564010" lon="10.003621">
        <ele>822.422634</ele>
        <time>2026-02-21T15:26:00.150Z</time>
      </trkpt>
      <trkpt lat="47.564018" lon="10.003624">
        <ele>822.384238</ele>
        <time>2026-02-21T15:26:00.976Z</time>
      </trkpt>
      <trkpt lat="47.564026" lon="10.003626">
        <ele>822.346490</ele>
        <time>2026-02-21T15:26:01.788Z</time>
      </trkpt>
      <trkpt lat="47.564033" lon="10.003629">
        <ele>822.312586</ele>
        <time>2026-02-21T15:26:02.519Z</time>
      </trkpt>
      <trkpt lat="47.564040" lon="10.003631">
        <ele>822.279416</ele>
        <time>2026-02-21T15:26:03.234Z</time>
      </trkpt>
      <trkpt lat="47.564048" lon="10.003633">
        <ele>822.241668</ele>
        <time>2026-02-21T15:26:04.046Z</time>
      </trkpt>
      <trkpt lat="47.564055" lon="10.003636">
        <ele>822.207764</ele>
        <time>2026-02-21T15:26:04.776Z</time>
      </trkpt>
      <trkpt lat="47.564063" lon="10.003639">
        <ele>822.169368</ele>
        <time>2026-02-21T15:26:05.603Z</time>
      </trkpt>
      <trkpt lat="47.564071" lon="10.003643">
        <ele>822.130085</ele>
        <time>2026-02-21T15:26:06.449Z</time>
      </trkpt>
      <trkpt lat="47.564080" lon="10.003645">
        <ele>822.087741</ele>
        <time>2026-02-21T15:26:07.361Z</time>
      </trkpt>
      <trkpt lat="47.564089" lon="10.003648">
        <ele>822.044820</ele>
        <time>2026-02-21T15:26:08.285Z</time>
      </trkpt>
      <trkpt lat="47.564098" lon="10.003651">
        <ele>822.001898</ele>
        <time>2026-02-21T15:26:09.208Z</time>
      </trkpt>
      <trkpt lat="47.564108" lon="10.003653">
        <ele>821.954948</ele>
        <time>2026-02-21T15:26:10.220Z</time>
      </trkpt>
      <trkpt lat="47.564119" lon="10.003655">
        <ele>821.903384</ele>
        <time>2026-02-21T15:26:11.329Z</time>
      </trkpt>
      <trkpt lat="47.564130" lon="10.003657">
        <ele>821.851819</ele>
        <time>2026-02-21T15:26:12.439Z</time>
      </trkpt>
      <trkpt lat="47.564139" lon="10.003658">
        <ele>821.809826</ele>
        <time>2026-02-21T15:26:13.344Z</time>
      </trkpt>
      <trkpt lat="47.564149" lon="10.003660">
        <ele>821.762877</ele>
        <time>2026-02-21T15:26:14.355Z</time>
      </trkpt>
      <trkpt lat="47.564158" lon="10.003660">
        <ele>821.721001</ele>
        <time>2026-02-21T15:26:15.256Z</time>
      </trkpt>
      <trkpt lat="47.564166" lon="10.003661">
        <ele>821.683647</ele>
        <time>2026-02-21T15:26:16.059Z</time>
      </trkpt>
      <trkpt lat="47.564176" lon="10.003660">
        <ele>821.637013</ele>
        <time>2026-02-21T15:26:17.063Z</time>
      </trkpt>
      <trkpt lat="47.564185" lon="10.003660">
        <ele>821.595137</ele>
        <time>2026-02-21T15:26:17.966Z</time>
      </trkpt>
      <trkpt lat="47.564195" lon="10.003659">
        <ele>821.548504</ele>
        <time>2026-02-21T15:26:18.970Z</time>
      </trkpt>
      <trkpt lat="47.564205" lon="10.003659">
        <ele>821.501976</ele>
        <time>2026-02-21T15:26:19.971Z</time>
      </trkpt>
      <trkpt lat="47.564214" lon="10.003660">
        <ele>821.459983</ele>
        <time>2026-02-21T15:26:20.876Z</time>
      </trkpt>
      <trkpt lat="47.564224" lon="10.003661">
        <ele>821.413349</ele>
        <time>2026-02-21T15:26:21.880Z</time>
      </trkpt>
      <trkpt lat="47.564232" lon="10.003663">
        <ele>821.375601</ele>
        <time>2026-02-21T15:26:22.693Z</time>
      </trkpt>
      <trkpt lat="47.564241" lon="10.003665">
        <ele>821.333257</ele>
        <time>2026-02-21T15:26:23.604Z</time>
      </trkpt>
      <trkpt lat="47.564250" lon="10.003667">
        <ele>821.290914</ele>
        <time>2026-02-21T15:26:24.515Z</time>
      </trkpt>
      <trkpt lat="47.564258" lon="10.003670">
        <ele>821.252518</ele>
        <time>2026-02-21T15:26:25.342Z</time>
      </trkpt>
      <trkpt lat="47.564264" lon="10.003671">
        <ele>821.224425</ele>
        <time>2026-02-21T15:26:25.947Z</time>
      </trkpt>
      <trkpt lat="47.564269" lon="10.003671">
        <ele>821.201161</ele>
        <time>2026-02-21T15:26:26.448Z</time>
      </trkpt>
      <trkpt lat="47.564278" lon="10.003672">
        <ele>821.159168</ele>
        <time>2026-02-21T15:26:27.351Z</time>
      </trkpt>
      <trkpt lat="47.564288" lon="10.003673">
        <ele>821.112535</ele>
        <time>2026-02-21T15:26:28.356Z</time>
      </trkpt>
      <trkpt lat="47.564299" lon="10.003674">
        <ele>821.061257</ele>
        <time>2026-02-21T15:26:29.460Z</time>
      </trkpt>
      <trkpt lat="47.564310" lon="10.003675">
        <ele>821.009980</ele>
        <time>2026-02-21T15:26:30.563Z</time>
      </trkpt>
      <trkpt lat="47.564320" lon="10.003675">
        <ele>820.963452</ele>
        <time>2026-02-21T15:26:31.564Z</time>
      </trkpt>
      <trkpt lat="47.564331" lon="10.003676">
        <ele>820.912175</ele>
        <time>2026-02-21T15:26:32.668Z</time>
      </trkpt>
      <trkpt lat="47.564340" lon="10.003676">
        <ele>820.870300</ele>
        <time>2026-02-21T15:26:33.570Z</time>
      </trkpt>
      <trkpt lat="47.564349" lon="10.003677">
        <ele>820.828307</ele>
        <time>2026-02-21T15:26:34.474Z</time>
      </trkpt>
      <trkpt lat="47.564357" lon="10.003678">
        <ele>820.790953</ele>
        <time>2026-02-21T15:26:35.278Z</time>
      </trkpt>
      <trkpt lat="47.564365" lon="10.003680">
        <ele>820.753204</ele>
        <time>2026-02-21T15:26:36.092Z</time>
      </trkpt>
      <trkpt lat="47.564374" lon="10.003682">
        <ele>820.710861</ele>
        <time>2026-02-21T15:26:37.003Z</time>
      </trkpt>
      <trkpt lat="47.564382" lon="10.003684">
        <ele>820.673112</ele>
        <time>2026-02-21T15:26:37.816Z</time>
      </trkpt>
      <trkpt lat="47.564392" lon="10.003688">
        <ele>820.624919</ele>
        <time>2026-02-21T15:26:38.853Z</time>
      </trkpt>
      <trkpt lat="47.564401" lon="10.003692">
        <ele>820.581202</ele>
        <time>2026-02-21T15:26:39.794Z</time>
      </trkpt>
      <trkpt lat="47.564406" lon="10.003695">
        <ele>820.556103</ele>
        <time>2026-02-21T15:26:40.334Z</time>
      </trkpt>
      <trkpt lat="47.564412" lon="10.003698">
        <ele>820.526640</ele>
        <time>2026-02-21T15:26:40.969Z</time>
      </trkpt>
      <trkpt lat="47.564421" lon="10.003702">
        <ele>820.482923</ele>
        <time>2026-02-21T15:26:41.909Z</time>
      </trkpt>
      <trkpt lat="47.564430" lon="10.003707">
        <ele>820.438202</ele>
        <time>2026-02-21T15:26:42.872Z</time>
      </trkpt>
      <trkpt lat="47.564439" lon="10.003711">
        <ele>820.394484</ele>
        <time>2026-02-21T15:26:43.813Z</time>
      </trkpt>
      <trkpt lat="47.564448" lon="10.003714">
        <ele>820.351563</ele>
        <time>2026-02-21T15:26:44.737Z</time>
      </trkpt>
      <trkpt lat="47.564456" lon="10.003717">
        <ele>820.313167</ele>
        <time>2026-02-21T15:26:45.564Z</time>
      </trkpt>
      <trkpt lat="47.564465" lon="10.003720">
        <ele>820.270246</ele>
        <time>2026-02-21T15:26:46.487Z</time>
      </trkpt>
      <trkpt lat="47.564475" lon="10.003722">
        <ele>820.223296</ele>
        <time>2026-02-21T15:26:47.497Z</time>
      </trkpt>
      <trkpt lat="47.564484" lon="10.003723">
        <ele>820.181303</ele>
        <time>2026-02-21T15:26:48.402Z</time>
      </trkpt>
      <trkpt lat="47.564494" lon="10.003726">
        <ele>820.133831</ele>
        <time>2026-02-21T15:26:49.424Z</time>
      </trkpt>
      <trkpt lat="47.564504" lon="10.003729">
        <ele>820.086359</ele>
        <time>2026-02-21T15:26:50.446Z</time>
      </trkpt>
      <trkpt lat="47.564514" lon="10.003733">
        <ele>820.038166</ele>
        <time>2026-02-21T15:26:51.484Z</time>
      </trkpt>
      <trkpt lat="47.564524" lon="10.003738">
        <ele>819.989062</ele>
        <time>2026-02-21T15:26:52.541Z</time>
      </trkpt>
      <trkpt lat="47.564534" lon="10.003741">
        <ele>819.941590</ele>
        <time>2026-02-21T15:26:53.563Z</time>
      </trkpt>
      <trkpt lat="47.564543" lon="10.003744">
        <ele>819.898668</ele>
        <time>2026-02-21T15:26:54.486Z</time>
      </trkpt>
      <trkpt lat="47.564551" lon="10.003746">
        <ele>819.860920</ele>
        <time>2026-02-21T15:26:55.299Z</time>
      </trkpt>
      <trkpt lat="47.564559" lon="10.003749">
        <ele>819.822525</ele>
        <time>2026-02-21T15:26:56.126Z</time>
      </trkpt>
      <trkpt lat="47.564567" lon="10.003752">
        <ele>819.784129</ele>
        <time>2026-02-21T15:26:56.952Z</time>
      </trkpt>
      <trkpt lat="47.564574" lon="10.003755">
        <ele>819.750225</ele>
        <time>2026-02-21T15:26:57.682Z</time>
      </trkpt>
      <trkpt lat="47.564582" lon="10.003758">
        <ele>819.711829</ele>
        <time>2026-02-21T15:26:58.508Z</time>
      </trkpt>
      <trkpt lat="47.564589" lon="10.003760">
        <ele>819.678660</ele>
        <time>2026-02-21T15:26:59.222Z</time>
      </trkpt>
      <trkpt lat="47.564596" lon="10.003763">
        <ele>819.644756</ele>
        <time>2026-02-21T15:26:59.952Z</time>
      </trkpt>
      <trkpt lat="47.564604" lon="10.003765">
        <ele>819.607007</ele>
        <time>2026-02-21T15:27:00.764Z</time>
      </trkpt>
      <trkpt lat="47.564611" lon="10.003769">
        <ele>819.572100</ele>
        <time>2026-02-21T15:27:01.515Z</time>
      </trkpt>
      <trkpt lat="47.564619" lon="10.003773">
        <ele>819.532817</ele>
        <time>2026-02-21T15:27:02.361Z</time>
      </trkpt>
      <trkpt lat="47.564628" lon="10.003779">
        <ele>819.486900</ele>
        <time>2026-02-21T15:27:03.349Z</time>
      </trkpt>
      <trkpt lat="47.564638" lon="10.003784">
        <ele>819.437795</ele>
        <time>2026-02-21T15:27:04.407Z</time>
      </trkpt>
      <trkpt lat="47.564647" lon="10.003790">
        <ele>819.391878</ele>
        <time>2026-02-21T15:27:05.395Z</time>
      </trkpt>
      <trkpt lat="47.564656" lon="10.003796">
        <ele>819.345961</ele>
        <time>2026-02-21T15:27:06.383Z</time>
      </trkpt>
      <trkpt lat="47.564666" lon="10.003800">
        <ele>819.297768</ele>
        <time>2026-02-21T15:27:07.421Z</time>
      </trkpt>
      <trkpt lat="47.564675" lon="10.003804">
        <ele>819.254050</ele>
        <time>2026-02-21T15:27:08.362Z</time>
      </trkpt>
      <trkpt lat="47.564683" lon="10.003807">
        <ele>819.215654</ele>
        <time>2026-02-21T15:27:09.188Z</time>
      </trkpt>
      <trkpt lat="47.564692" lon="10.003809">
        <ele>819.173311</ele>
        <time>2026-02-21T15:27:10.099Z</time>
      </trkpt>
      <trkpt lat="47.564698" lon="10.003811">
        <ele>819.144697</ele>
        <time>2026-02-21T15:27:10.715Z</time>
      </trkpt>
      <trkpt lat="47.564705" lon="10.003813">
        <ele>819.111527</ele>
        <time>2026-02-21T15:27:11.430Z</time>
      </trkpt>
      <trkpt lat="47.564714" lon="10.003813">
        <ele>819.069652</ele>
        <time>2026-02-21T15:27:12.331Z</time>
      </trkpt>
      <trkpt lat="47.564719" lon="10.003810">
        <ele>819.044554</ele>
        <time>2026-02-21T15:27:12.871Z</time>
      </trkpt>
      <trkpt lat="47.564724" lon="10.003808">
        <ele>819.020457</ele>
        <time>2026-02-21T15:27:13.390Z</time>
      </trkpt>
      <trkpt lat="47.564729" lon="10.003805">
        <ele>818.995359</ele>
        <time>2026-02-21T15:27:13.930Z</time>
      </trkpt>
      <trkpt lat="47.564735" lon="10.003803">
        <ele>818.966745</ele>
        <time>2026-02-21T15:27:14.546Z</time>
      </trkpt>
      <trkpt lat="47.564742" lon="10.003802">
        <ele>818.934024</ele>
        <time>2026-02-21T15:27:15.250Z</time>
      </trkpt>
      <trkpt lat="47.564749" lon="10.003802">
        <ele>818.901454</ele>
        <time>2026-02-21T15:27:15.951Z</time>
      </trkpt>
      <trkpt lat="47.564752" lon="10.003803">
        <ele>818.887147</ele>
        <time>2026-02-21T15:27:16.259Z</time>
      </trkpt>
      <trkpt lat="47.564755" lon="10.003804">
        <ele>818.872840</ele>
        <time>2026-02-21T15:27:16.567Z</time>
      </trkpt>
      <trkpt lat="47.564758" lon="10.003805">
        <ele>818.858533</ele>
        <time>2026-02-21T15:27:16.875Z</time>
      </trkpt>
      <trkpt lat="47.564761" lon="10.003806">
        <ele>818.844226</ele>
        <time>2026-02-21T15:27:17.183Z</time>
      </trkpt>
      <trkpt lat="47.564763" lon="10.003807">
        <ele>818.834405</ele>
        <time>2026-02-21T15:27:17.394Z</time>
      </trkpt>
      <trkpt lat="47.564774" lon="10.003811">
        <ele>818.781706</ele>
        <time>2026-02-21T15:27:18.528Z</time>
      </trkpt>
      <trkpt lat="47.564784" lon="10.003815">
        <ele>818.733513</ele>
        <time>2026-02-21T15:27:19.566Z</time>
      </trkpt>
      <trkpt lat="47.564791" lon="10.003818">
        <ele>818.699609</ele>
        <time>2026-02-21T15:27:20.296Z</time>
      </trkpt>
      <trkpt lat="47.564798" lon="10.003821">
        <ele>818.665705</ele>
        <time>2026-02-21T15:27:21.026Z</time>
      </trkpt>
      <trkpt lat="47.564804" lon="10.003824">
        <ele>818.636242</ele>
        <time>2026-02-21T15:27:21.660Z</time>
      </trkpt>
      <trkpt lat="47.564811" lon="10.003826">
        <ele>818.603072</ele>
        <time>2026-02-21T15:27:22.374Z</time>
      </trkpt>
      <trkpt lat="47.564816" lon="10.003829">
        <ele>818.577974</ele>
        <time>2026-02-21T15:27:22.914Z</time>
      </trkpt>
      <trkpt lat="47.564821" lon="10.003832">
        <ele>818.552876</ele>
        <time>2026-02-21T15:27:23.455Z</time>
      </trkpt>
      <trkpt lat="47.564826" lon="10.003834">
        <ele>818.528779</ele>
        <time>2026-02-21T15:27:23.973Z</time>
      </trkpt>
      <trkpt lat="47.564830" lon="10.003836">
        <ele>818.509138</ele>
        <time>2026-02-21T15:27:24.396Z</time>
      </trkpt>
      <trkpt lat="47.564835" lon="10.003838">
        <ele>818.485041</ele>
        <time>2026-02-21T15:27:24.915Z</time>
      </trkpt>
      <trkpt lat="47.564841" lon="10.003842">
        <ele>818.454430</ele>
        <time>2026-02-21T15:27:25.573Z</time>
      </trkpt>
      <trkpt lat="47.564848" lon="10.003846">
        <ele>818.419523</ele>
        <time>2026-02-21T15:27:26.325Z</time>
      </trkpt>
      <trkpt lat="47.564854" lon="10.003849">
        <ele>818.390060</ele>
        <time>2026-02-21T15:27:26.959Z</time>
      </trkpt>
      <trkpt lat="47.564860" lon="10.003853">
        <ele>818.359449</ele>
        <time>2026-02-21T15:27:27.618Z</time>
      </trkpt>
      <trkpt lat="47.564866" lon="10.003856">
        <ele>818.329986</ele>
        <time>2026-02-21T15:27:28.252Z</time>
      </trkpt>
      <trkpt lat="47.564872" lon="10.003858">
        <ele>818.301372</ele>
        <time>2026-02-21T15:27:28.867Z</time>
      </trkpt>
      <trkpt lat="47.564879" lon="10.003860">
        <ele>818.268202</ele>
        <time>2026-02-21T15:27:29.582Z</time>
      </trkpt>
      <trkpt lat="47.564887" lon="10.003862">
        <ele>818.230454</ele>
        <time>2026-02-21T15:27:30.394Z</time>
      </trkpt>
      <trkpt lat="47.564894" lon="10.003863">
        <ele>818.197733</ele>
        <time>2026-02-21T15:27:31.098Z</time>
      </trkpt>
      <trkpt lat="47.564902" lon="10.003864">
        <ele>818.160379</ele>
        <time>2026-02-21T15:27:31.902Z</time>
      </trkpt>
      <trkpt lat="47.564909" lon="10.003865">
        <ele>818.127658</ele>
        <time>2026-02-21T15:27:32.606Z</time>
      </trkpt>
      <trkpt lat="47.564916" lon="10.003866">
        <ele>818.095056</ele>
        <time>2026-02-21T15:27:33.311Z</time>
      </trkpt>
      <trkpt lat="47.564923" lon="10.003868">
        <ele>818.067051</ele>
        <time>2026-02-21T15:27:34.024Z</time>
      </trkpt>
      <trkpt lat="47.564930" lon="10.003870">
        <ele>818.039046</ele>
        <time>2026-02-21T15:27:34.739Z</time>
      </trkpt>
      <trkpt lat="47.564938" lon="10.003873">
        <ele>818.006628</ele>
        <time>2026-02-21T15:27:35.565Z</time>
      </trkpt>
      <trkpt lat="47.564946" lon="10.003875">
        <ele>817.974757</ele>
        <time>2026-02-21T15:27:36.377Z</time>
      </trkpt>
      <trkpt lat="47.564954" lon="10.003877">
        <ele>817.942886</ele>
        <time>2026-02-21T15:27:37.191Z</time>
      </trkpt>
      <trkpt lat="47.564962" lon="10.003879">
        <ele>817.911015</ele>
        <time>2026-02-21T15:27:38.003Z</time>
      </trkpt>
      <trkpt lat="47.564971" lon="10.003879">
        <ele>817.875659</ele>
        <time>2026-02-21T15:27:38.904Z</time>
      </trkpt>
      <trkpt lat="47.564979" lon="10.003879">
        <ele>817.844232</ele>
        <time>2026-02-21T15:27:39.706Z</time>
      </trkpt>
      <trkpt lat="47.564988" lon="10.003879">
        <ele>817.808876</ele>
        <time>2026-02-21T15:27:40.607Z</time>
      </trkpt>
      <trkpt lat="47.564996" lon="10.003878">
        <ele>817.777337</ele>
        <time>2026-02-21T15:27:41.410Z</time>
      </trkpt>
      <trkpt lat="47.565002" lon="10.003879">
        <ele>817.753618</ele>
        <time>2026-02-21T15:27:42.016Z</time>
      </trkpt>
      <trkpt lat="47.565008" lon="10.003879">
        <ele>817.730048</ele>
        <time>2026-02-21T15:27:42.616Z</time>
      </trkpt>
      <trkpt lat="47.565014" lon="10.003880">
        <ele>817.706329</ele>
        <time>2026-02-21T15:27:43.221Z</time>
      </trkpt>
      <trkpt lat="47.565023" lon="10.003881">
        <ele>817.670874</ele>
        <time>2026-02-21T15:27:44.124Z</time>
      </trkpt>
      <trkpt lat="47.565032" lon="10.003883">
        <ele>817.635123</ele>
        <time>2026-02-21T15:27:45.036Z</time>
      </trkpt>
      <trkpt lat="47.565041" lon="10.003884">
        <ele>817.599669</ele>
        <time>2026-02-21T15:27:45.940Z</time>
      </trkpt>
      <trkpt lat="47.565050" lon="10.003885">
        <ele>817.564214</ele>
        <time>2026-02-21T15:27:46.843Z</time>
      </trkpt>
      <trkpt lat="47.565060" lon="10.003885">
        <ele>817.524930</ele>
        <time>2026-02-21T15:27:47.845Z</time>
      </trkpt>
      <trkpt lat="47.565070" lon="10.003886">
        <ele>817.485556</ele>
        <time>2026-02-21T15:27:48.848Z</time>
      </trkpt>
      <trkpt lat="47.565080" lon="10.003886">
        <ele>817.446272</ele>
        <time>2026-02-21T15:27:49.850Z</time>
      </trkpt>
      <trkpt lat="47.565091" lon="10.003887">
        <ele>817.402979</ele>
        <time>2026-02-21T15:27:50.954Z</time>
      </trkpt>
      <trkpt lat="47.565100" lon="10.003887">
        <ele>817.367623</ele>
        <time>2026-02-21T15:27:51.855Z</time>
      </trkpt>
      <trkpt lat="47.565109" lon="10.003887">
        <ele>817.332268</ele>
        <time>2026-02-21T15:27:52.757Z</time>
      </trkpt>
      <trkpt lat="47.565117" lon="10.003887">
        <ele>817.300840</ele>
        <time>2026-02-21T15:27:53.558Z</time>
      </trkpt>
      <trkpt lat="47.565125" lon="10.003887">
        <ele>817.269413</ele>
        <time>2026-02-21T15:27:54.359Z</time>
      </trkpt>
      <trkpt lat="47.565130" lon="10.003888">
        <ele>817.249593</ele>
        <time>2026-02-21T15:27:54.864Z</time>
      </trkpt>
      <trkpt lat="47.565135" lon="10.003889">
        <ele>817.229773</ele>
        <time>2026-02-21T15:27:55.369Z</time>
      </trkpt>
      <trkpt lat="47.565143" lon="10.003890">
        <ele>817.198234</ele>
        <time>2026-02-21T15:27:56.173Z</time>
      </trkpt>
      <trkpt lat="47.565151" lon="10.003891">
        <ele>817.166696</ele>
        <time>2026-02-21T15:27:56.977Z</time>
      </trkpt>
      <trkpt lat="47.565157" lon="10.003892">
        <ele>817.142977</ele>
        <time>2026-02-21T15:27:57.582Z</time>
      </trkpt>
      <trkpt lat="47.565163" lon="10.003892">
        <ele>817.119406</ele>
        <time>2026-02-21T15:27:58.183Z</time>
      </trkpt>
      <trkpt lat="47.565170" lon="10.003892">
        <ele>817.091907</ele>
        <time>2026-02-21T15:27:58.883Z</time>
      </trkpt>
      <trkpt lat="47.565177" lon="10.003893">
        <ele>817.064281</ele>
        <time>2026-02-21T15:27:59.587Z</time>
      </trkpt>
      <trkpt lat="47.565185" lon="10.003893">
        <ele>817.032854</ele>
        <time>2026-02-21T15:28:00.389Z</time>
      </trkpt>
      <trkpt lat="47.565191" lon="10.003893">
        <ele>817.009283</ele>
        <time>2026-02-21T15:28:00.990Z</time>
      </trkpt>
      <trkpt lat="47.565199" lon="10.003894">
        <ele>816.977745</ele>
        <time>2026-02-21T15:28:01.794Z</time>
      </trkpt>
      <trkpt lat="47.565207" lon="10.003894">
        <ele>816.946318</ele>
        <time>2026-02-21T15:28:02.594Z</time>
      </trkpt>
      <trkpt lat="47.565216" lon="10.003895">
        <ele>816.910863</ele>
        <time>2026-02-21T15:28:03.498Z</time>
      </trkpt>
      <trkpt lat="47.565225" lon="10.003896">
        <ele>816.875408</ele>
        <time>2026-02-21T15:28:04.402Z</time>
      </trkpt>
      <trkpt lat="47.565233" lon="10.003897">
        <ele>816.843869</ele>
        <time>2026-02-21T15:28:05.207Z</time>
      </trkpt>
      <trkpt lat="47.565242" lon="10.003897">
        <ele>816.808513</ele>
        <time>2026-02-21T15:28:06.108Z</time>
      </trkpt>
      <trkpt lat="47.565250" lon="10.003896">
        <ele>816.776975</ele>
        <time>2026-02-21T15:28:06.911Z</time>
      </trkpt>
      <trkpt lat="47.565258" lon="10.003896">
        <ele>816.745547</ele>
        <time>2026-02-21T15:28:07.713Z</time>
      </trkpt>
      <trkpt lat="47.565266" lon="10.003894">
        <ele>816.713676</ele>
        <time>2026-02-21T15:28:08.525Z</time>
      </trkpt>
      <trkpt lat="47.565273" lon="10.003892">
        <ele>816.685671</ele>
        <time>2026-02-21T15:28:09.239Z</time>
      </trkpt>
      <trkpt lat="47.565281" lon="10.003891">
        <ele>816.654132</ele>
        <time>2026-02-21T15:28:10.043Z</time>
      </trkpt>
      <trkpt lat="47.565289" lon="10.003889">
        <ele>816.622261</ele>
        <time>2026-02-21T15:28:10.855Z</time>
      </trkpt>
      <trkpt lat="47.565297" lon="10.003889">
        <ele>816.590834</ele>
        <time>2026-02-21T15:28:11.656Z</time>
      </trkpt>
      <trkpt lat="47.565305" lon="10.003888">
        <ele>816.559295</ele>
        <time>2026-02-21T15:28:12.461Z</time>
      </trkpt>
      <trkpt lat="47.565313" lon="10.003887">
        <ele>816.527756</ele>
        <time>2026-02-21T15:28:13.265Z</time>
      </trkpt>
      <trkpt lat="47.565320" lon="10.003886">
        <ele>816.500130</ele>
        <time>2026-02-21T15:28:13.969Z</time>
      </trkpt>
      <trkpt lat="47.565328" lon="10.003885">
        <ele>816.468591</ele>
        <time>2026-02-21T15:28:14.772Z</time>
      </trkpt>
      <trkpt lat="47.565335" lon="10.003884">
        <ele>816.440965</ele>
        <time>2026-02-21T15:28:15.477Z</time>
      </trkpt>
      <trkpt lat="47.565342" lon="10.003883">
        <ele>816.413339</ele>
        <time>2026-02-21T15:28:16.181Z</time>
      </trkpt>
      <trkpt lat="47.565349" lon="10.003882">
        <ele>816.385713</ele>
        <time>2026-02-21T15:28:16.885Z</time>
      </trkpt>
      <trkpt lat="47.565355" lon="10.003880">
        <ele>816.361553</ele>
        <time>2026-02-21T15:28:17.501Z</time>
      </trkpt>
      <trkpt lat="47.565360" lon="10.003878">
        <ele>816.341209</ele>
        <time>2026-02-21T15:28:18.019Z</time>
      </trkpt>
      <trkpt lat="47.565364" lon="10.003876">
        <ele>816.324625</ele>
        <time>2026-02-21T15:28:18.442Z</time>
      </trkpt>
      <trkpt lat="47.565367" lon="10.003875">
        <ele>816.312545</ele>
        <time>2026-02-21T15:28:18.750Z</time>
      </trkpt>
      <trkpt lat="47.565374" lon="10.003874">
        <ele>816.284919</ele>
        <time>2026-02-21T15:28:19.454Z</time>
      </trkpt>
      <trkpt lat="47.565380" lon="10.003873">
        <ele>816.261200</ele>
        <time>2026-02-21T15:28:20.059Z</time>
      </trkpt>
      <trkpt lat="47.565386" lon="10.003872">
        <ele>816.237481</ele>
        <time>2026-02-21T15:28:20.664Z</time>
      </trkpt>
      <trkpt lat="47.565393" lon="10.003871">
        <ele>816.209855</ele>
        <time>2026-02-21T15:28:21.368Z</time>
      </trkpt>
      <trkpt lat="47.565400" lon="10.003872">
        <ele>816.182228</ele>
        <time>2026-02-21T15:28:22.072Z</time>
      </trkpt>
      <trkpt lat="47.565408" lon="10.003873">
        <ele>816.150690</ele>
        <time>2026-02-21T15:28:22.876Z</time>
      </trkpt>
      <trkpt lat="47.565417" lon="10.003874">
        <ele>816.115235</ele>
        <time>2026-02-21T15:28:23.780Z</time>
      </trkpt>
      <trkpt lat="47.565427" lon="10.003876">
        <ele>816.075595</ele>
        <time>2026-02-21T15:28:24.791Z</time>
      </trkpt>
      <trkpt lat="47.565436" lon="10.003879">
        <ele>816.039356</ele>
        <time>2026-02-21T15:28:25.714Z</time>
      </trkpt>
      <trkpt lat="47.565446" lon="10.003881">
        <ele>815.999716</ele>
        <time>2026-02-21T15:28:26.725Z</time>
      </trkpt>
      <trkpt lat="47.565455" lon="10.003884">
        <ele>815.963477</ele>
        <time>2026-02-21T15:28:27.648Z</time>
      </trkpt>
      <trkpt lat="47.565464" lon="10.003887">
        <ele>815.927238</ele>
        <time>2026-02-21T15:28:28.572Z</time>
      </trkpt>
      <trkpt lat="47.565472" lon="10.003890">
        <ele>815.894820</ele>
        <time>2026-02-21T15:28:29.398Z</time>
      </trkpt>
      <trkpt lat="47.565480" lon="10.003893">
        <ele>815.862403</ele>
        <time>2026-02-21T15:28:30.225Z</time>
      </trkpt>
      <trkpt lat="47.565489" lon="10.003898">
        <ele>815.824645</ele>
        <time>2026-02-21T15:28:31.188Z</time>
      </trkpt>
      <trkpt lat="47.565498" lon="10.003903">
        <ele>815.786887</ele>
        <time>2026-02-21T15:28:32.150Z</time>
      </trkpt>
      <trkpt lat="47.565505" lon="10.003908">
        <ele>815.756361</ele>
        <time>2026-02-21T15:28:32.928Z</time>
      </trkpt>
      <trkpt lat="47.565513" lon="10.003913">
        <ele>815.722253</ele>
        <time>2026-02-21T15:28:33.797Z</time>
      </trkpt>
      <trkpt lat="47.565521" lon="10.003918">
        <ele>815.688146</ele>
        <time>2026-02-21T15:28:34.667Z</time>
      </trkpt>
      <trkpt lat="47.565528" lon="10.003924">
        <ele>815.656379</ele>
        <time>2026-02-21T15:28:35.477Z</time>
      </trkpt>
      <trkpt lat="47.565535" lon="10.003930">
        <ele>815.624612</ele>
        <time>2026-02-21T15:28:36.287Z</time>
      </trkpt>
      <trkpt lat="47.565542" lon="10.003936">
        <ele>815.592846</ele>
        <time>2026-02-21T15:28:37.096Z</time>
      </trkpt>
      <trkpt lat="47.565549" lon="10.003942">
        <ele>815.561079</ele>
        <time>2026-02-21T15:28:37.906Z</time>
      </trkpt>
      <trkpt lat="47.565556" lon="10.003948">
        <ele>815.529312</ele>
        <time>2026-02-21T15:28:38.716Z</time>
      </trkpt>
      <trkpt lat="47.565564" lon="10.003953">
        <ele>815.495205</ele>
        <time>2026-02-21T15:28:39.586Z</time>
      </trkpt>
      <trkpt lat="47.565571" lon="10.003959">
        <ele>815.463438</ele>
        <time>2026-02-21T15:28:40.395Z</time>
      </trkpt>
      <trkpt lat="47.565578" lon="10.003964">
        <ele>815.432912</ele>
        <time>2026-02-21T15:28:41.173Z</time>
      </trkpt>
      <trkpt lat="47.565585" lon="10.003970">
        <ele>815.401145</ele>
        <time>2026-02-21T15:28:41.983Z</time>
      </trkpt>
      <trkpt lat="47.565593" lon="10.003975">
        <ele>815.367038</ele>
        <time>2026-02-21T15:28:42.852Z</time>
      </trkpt>
      <trkpt lat="47.565600" lon="10.003979">
        <ele>815.337566</ele>
        <time>2026-02-21T15:28:43.603Z</time>
      </trkpt>
      <trkpt lat="47.565606" lon="10.003985">
        <ele>815.309132</ele>
        <time>2026-02-21T15:28:44.328Z</time>
      </trkpt>
      <trkpt lat="47.565612" lon="10.003991">
        <ele>815.280698</ele>
        <time>2026-02-21T15:28:45.053Z</time>
      </trkpt>
      <trkpt lat="47.565619" lon="10.004000">
        <ele>815.244293</ele>
        <time>2026-02-21T15:28:45.981Z</time>
      </trkpt>
      <trkpt lat="47.565626" lon="10.004009">
        <ele>815.207888</ele>
        <time>2026-02-21T15:28:46.909Z</time>
      </trkpt>
      <trkpt lat="47.565634" lon="10.004016">
        <ele>815.171393</ele>
        <time>2026-02-21T15:28:47.839Z</time>
      </trkpt>
      <trkpt lat="47.565642" lon="10.004024">
        <ele>815.133480</ele>
        <time>2026-02-21T15:28:48.806Z</time>
      </trkpt>
      <trkpt lat="47.565649" lon="10.004030">
        <ele>815.101714</ele>
        <time>2026-02-21T15:28:49.615Z</time>
      </trkpt>
      <trkpt lat="47.565655" lon="10.004036">
        <ele>815.073280</ele>
        <time>2026-02-21T15:28:50.340Z</time>
      </trkpt>
      <trkpt lat="47.565662" lon="10.004041">
        <ele>815.042754</ele>
        <time>2026-02-21T15:28:51.119Z</time>
      </trkpt>
      <trkpt lat="47.565671" lon="10.004047">
        <ele>815.003986</ele>
        <time>2026-02-21T15:28:52.107Z</time>
      </trkpt>
      <trkpt lat="47.565680" lon="10.004053">
        <ele>814.965218</ele>
        <time>2026-02-21T15:28:53.095Z</time>
      </trkpt>
      <trkpt lat="47.565688" lon="10.004058">
        <ele>814.931110</ele>
        <time>2026-02-21T15:28:53.965Z</time>
      </trkpt>
      <trkpt lat="47.565696" lon="10.004063">
        <ele>814.897003</ele>
        <time>2026-02-21T15:28:54.834Z</time>
      </trkpt>
      <trkpt lat="47.565704" lon="10.004069">
        <ele>814.861781</ele>
        <time>2026-02-21T15:28:55.732Z</time>
      </trkpt>
      <trkpt lat="47.565712" lon="10.004075">
        <ele>814.826558</ele>
        <time>2026-02-21T15:28:56.630Z</time>
      </trkpt>
      <trkpt lat="47.565721" lon="10.004080">
        <ele>814.788800</ele>
        <time>2026-02-21T15:28:57.592Z</time>
      </trkpt>
      <trkpt lat="47.565729" lon="10.004086">
        <ele>814.753578</ele>
        <time>2026-02-21T15:28:58.490Z</time>
      </trkpt>
      <trkpt lat="47.565740" lon="10.004091">
        <ele>814.708379</ele>
        <time>2026-02-21T15:28:59.642Z</time>
      </trkpt>
      <trkpt lat="47.565750" lon="10.004097">
        <ele>814.665998</ele>
        <time>2026-02-21T15:29:00.722Z</time>
      </trkpt>
      <trkpt lat="47.565761" lon="10.004103">
        <ele>814.619951</ele>
        <time>2026-02-21T15:29:01.896Z</time>
      </trkpt>
      <trkpt lat="47.565771" lon="10.004110">
        <ele>814.576506</ele>
        <time>2026-02-21T15:29:03.003Z</time>
      </trkpt>
      <trkpt lat="47.565780" lon="10.004117">
        <ele>814.536577</ele>
        <time>2026-02-21T15:29:04.022Z</time>
      </trkpt>
      <trkpt lat="47.565789" lon="10.004125">
        <ele>814.495350</ele>
        <time>2026-02-21T15:29:05.072Z</time>
      </trkpt>
      <trkpt lat="47.565797" lon="10.004132">
        <ele>814.458854</ele>
        <time>2026-02-21T15:29:06.003Z</time>
      </trkpt>
      <trkpt lat="47.565805" lon="10.004140">
        <ele>814.420942</ele>
        <time>2026-02-21T15:29:06.969Z</time>
      </trkpt>
      <trkpt lat="47.565813" lon="10.004147">
        <ele>814.384446</ele>
        <time>2026-02-21T15:29:07.899Z</time>
      </trkpt>
      <trkpt lat="47.565820" lon="10.004155">
        <ele>814.349721</ele>
        <time>2026-02-21T15:29:08.784Z</time>
      </trkpt>
      <trkpt lat="47.565827" lon="10.004163">
        <ele>814.314996</ele>
        <time>2026-02-21T15:29:09.670Z</time>
      </trkpt>
      <trkpt lat="47.565834" lon="10.004170">
        <ele>814.281823</ele>
        <time>2026-02-21T15:29:10.516Z</time>
      </trkpt>
      <trkpt lat="47.565841" lon="10.004179">
        <ele>814.245418</ele>
        <time>2026-02-21T15:29:11.444Z</time>
      </trkpt>
      <trkpt lat="47.565847" lon="10.004187">
        <ele>814.213713</ele>
        <time>2026-02-21T15:29:12.252Z</time>
      </trkpt>
      <trkpt lat="47.565854" lon="10.004196">
        <ele>814.177308</ele>
        <time>2026-02-21T15:29:13.179Z</time>
      </trkpt>
      <trkpt lat="47.565861" lon="10.004206">
        <ele>814.139114</ele>
        <time>2026-02-21T15:29:14.153Z</time>
      </trkpt>
      <trkpt lat="47.565869" lon="10.004216">
        <ele>814.098001</ele>
        <time>2026-02-21T15:29:15.201Z</time>
      </trkpt>
      <trkpt lat="47.565877" lon="10.004227">
        <ele>814.055132</ele>
        <time>2026-02-21T15:29:16.294Z</time>
      </trkpt>
      <trkpt lat="47.565885" lon="10.004236">
        <ele>814.015676</ele>
        <time>2026-02-21T15:29:17.300Z</time>
      </trkpt>
      <trkpt lat="47.565893" lon="10.004246">
        <ele>813.974563</ele>
        <time>2026-02-21T15:29:18.347Z</time>
      </trkpt>
      <trkpt lat="47.565903" lon="10.004254">
        <ele>813.929921</ele>
        <time>2026-02-21T15:29:19.486Z</time>
      </trkpt>
      <trkpt lat="47.565912" lon="10.004263">
        <ele>813.887270</ele>
        <time>2026-02-21T15:29:20.573Z</time>
      </trkpt>
      <trkpt lat="47.565923" lon="10.004271">
        <ele>813.839135</ele>
        <time>2026-02-21T15:29:21.801Z</time>
      </trkpt>
      <trkpt lat="47.565933" lon="10.004279">
        <ele>813.794493</ele>
        <time>2026-02-21T15:29:22.938Z</time>
      </trkpt>
      <trkpt lat="47.565944" lon="10.004288">
        <ele>813.745133</ele>
        <time>2026-02-21T15:29:24.196Z</time>
      </trkpt>
      <trkpt lat="47.565954" lon="10.004297">
        <ele>813.699173</ele>
        <time>2026-02-21T15:29:25.368Z</time>
      </trkpt>
      <trkpt lat="47.565964" lon="10.004306">
        <ele>813.653213</ele>
        <time>2026-02-21T15:29:26.540Z</time>
      </trkpt>
      <trkpt lat="47.565975" lon="10.004315">
        <ele>813.603853</ele>
        <time>2026-02-21T15:29:27.798Z</time>
      </trkpt>
      <trkpt lat="47.565984" lon="10.004323">
        <ele>813.562626</ele>
        <time>2026-02-21T15:29:28.848Z</time>
      </trkpt>
      <trkpt lat="47.565993" lon="10.004331">
        <ele>813.521398</ele>
        <time>2026-02-21T15:29:29.899Z</time>
      </trkpt>
      <trkpt lat="47.566001" lon="10.004340">
        <ele>813.481942</ele>
        <time>2026-02-21T15:29:30.905Z</time>
      </trkpt>
      <trkpt lat="47.566009" lon="10.004349">
        <ele>813.442487</ele>
        <time>2026-02-21T15:29:31.911Z</time>
      </trkpt>
      <trkpt lat="47.566017" lon="10.004357">
        <ele>813.404574</ele>
        <time>2026-02-21T15:29:32.877Z</time>
      </trkpt>
      <trkpt lat="47.566025" lon="10.004366">
        <ele>813.365118</ele>
        <time>2026-02-21T15:29:33.883Z</time>
      </trkpt>
      <trkpt lat="47.566034" lon="10.004374">
        <ele>813.323891</ele>
        <time>2026-02-21T15:29:34.934Z</time>
      </trkpt>
      <trkpt lat="47.566043" lon="10.004382">
        <ele>813.282664</ele>
        <time>2026-02-21T15:29:35.985Z</time>
      </trkpt>
      <trkpt lat="47.566052" lon="10.004391">
        <ele>813.240013</ele>
        <time>2026-02-21T15:29:37.073Z</time>
      </trkpt>
      <trkpt lat="47.566060" lon="10.004400">
        <ele>813.200557</ele>
        <time>2026-02-21T15:29:38.078Z</time>
      </trkpt>
      <trkpt lat="47.566069" lon="10.004410">
        <ele>813.156369</ele>
        <time>2026-02-21T15:29:39.204Z</time>
      </trkpt>
      <trkpt lat="47.566077" lon="10.004419">
        <ele>813.116913</ele>
        <time>2026-02-21T15:29:40.211Z</time>
      </trkpt>
      <trkpt lat="47.566085" lon="10.004427">
        <ele>813.079001</ele>
        <time>2026-02-21T15:29:41.177Z</time>
      </trkpt>
      <trkpt lat="47.566092" lon="10.004435">
        <ele>813.044275</ele>
        <time>2026-02-21T15:29:42.062Z</time>
      </trkpt>
      <trkpt lat="47.566100" lon="10.004444">
        <ele>813.004820</ele>
        <time>2026-02-21T15:29:43.068Z</time>
      </trkpt>
      <trkpt lat="47.566108" lon="10.004453">
        <ele>812.965364</ele>
        <time>2026-02-21T15:29:44.073Z</time>
      </trkpt>
      <trkpt lat="47.566116" lon="10.004464">
        <ele>812.922494</ele>
        <time>2026-02-21T15:29:45.166Z</time>
      </trkpt>
      <trkpt lat="47.566125" lon="10.004474">
        <ele>812.878306</ele>
        <time>2026-02-21T15:29:46.293Z</time>
      </trkpt>
      <trkpt lat="47.566133" lon="10.004484">
        <ele>812.837193</ele>
        <time>2026-02-21T15:29:47.341Z</time>
      </trkpt>
      <trkpt lat="47.566141" lon="10.004495">
        <ele>812.794323</ele>
        <time>2026-02-21T15:29:48.434Z</time>
      </trkpt>
      <trkpt lat="47.566150" lon="10.004504">
        <ele>812.751672</ele>
        <time>2026-02-21T15:29:49.521Z</time>
      </trkpt>
      <trkpt lat="47.566159" lon="10.004513">
        <ele>812.709021</ele>
        <time>2026-02-21T15:29:50.608Z</time>
      </trkpt>
      <trkpt lat="47.566170" lon="10.004520">
        <ele>812.661994</ele>
        <time>2026-02-21T15:29:51.807Z</time>
      </trkpt>
      <trkpt lat="47.566180" lon="10.004528">
        <ele>812.617352</ele>
        <time>2026-02-21T15:29:52.945Z</time>
      </trkpt>
      <trkpt lat="47.566191" lon="10.004536">
        <ele>812.569217</ele>
        <time>2026-02-21T15:29:54.171Z</time>
      </trkpt>
      <trkpt lat="47.566202" lon="10.004545">
        <ele>812.519857</ele>
        <time>2026-02-21T15:29:55.430Z</time>
      </trkpt>
      <trkpt lat="47.566212" lon="10.004555">
        <ele>812.472467</ele>
        <time>2026-02-21T15:29:56.638Z</time>
      </trkpt>
      <trkpt lat="47.566223" lon="10.004566">
        <ele>812.420338</ele>
        <time>2026-02-21T15:29:57.966Z</time>
      </trkpt>
      <trkpt lat="47.566231" lon="10.004577">
        <ele>812.377468</ele>
        <time>2026-02-21T15:29:59.059Z</time>
      </trkpt>
      <trkpt lat="47.566239" lon="10.004587">
        <ele>812.336355</ele>
        <time>2026-02-21T15:30:00.107Z</time>
      </trkpt>
      <trkpt lat="47.566244" lon="10.004599">
        <ele>812.298972</ele>
        <time>2026-02-21T15:30:01.060Z</time>
      </trkpt>
      <trkpt lat="47.566250" lon="10.004610">
        <ele>812.261479</ele>
        <time>2026-02-21T15:30:02.016Z</time>
      </trkpt>
      <trkpt lat="47.566255" lon="10.004621">
        <ele>812.226323</ele>
        <time>2026-02-21T15:30:02.912Z</time>
      </trkpt>
      <trkpt lat="47.566261" lon="10.004632">
        <ele>812.188831</ele>
        <time>2026-02-21T15:30:03.868Z</time>
      </trkpt>
      <trkpt lat="47.566268" lon="10.004642">
        <ele>812.150637</ele>
        <time>2026-02-21T15:30:04.842Z</time>
      </trkpt>
      <trkpt lat="47.566275" lon="10.004652">
        <ele>812.112443</ele>
        <time>2026-02-21T15:30:05.815Z</time>
      </trkpt>
      <trkpt lat="47.566282" lon="10.004662">
        <ele>812.074249</ele>
        <time>2026-02-21T15:30:06.789Z</time>
      </trkpt>
      <trkpt lat="47.566290" lon="10.004671">
        <ele>812.034793</ele>
        <time>2026-02-21T15:30:07.795Z</time>
      </trkpt>
      <trkpt lat="47.566298" lon="10.004681">
        <ele>811.993681</ele>
        <time>2026-02-21T15:30:08.843Z</time>
      </trkpt>
      <trkpt lat="47.566306" lon="10.004690">
        <ele>811.954225</ele>
        <time>2026-02-21T15:30:09.848Z</time>
      </trkpt>
      <trkpt lat="47.566313" lon="10.004699">
        <ele>811.917820</ele>
        <time>2026-02-21T15:30:10.777Z</time>
      </trkpt>
      <trkpt lat="47.566320" lon="10.004708">
        <ele>811.881416</ele>
        <time>2026-02-21T15:30:11.705Z</time>
      </trkpt>
      <trkpt lat="47.566333" lon="10.004728">
        <ele>811.807806</ele>
        <time>2026-02-21T15:30:13.581Z</time>
      </trkpt>
      <trkpt lat="47.566338" lon="10.004736">
        <ele>811.778902</ele>
        <time>2026-02-21T15:30:14.317Z</time>
      </trkpt>
      <trkpt lat="47.566342" lon="10.004744">
        <ele>811.752509</ele>
        <time>2026-02-21T15:30:14.990Z</time>
      </trkpt>
      <trkpt lat="47.566347" lon="10.004751">
        <ele>811.725489</ele>
        <time>2026-02-21T15:30:15.679Z</time>
      </trkpt>
      <trkpt lat="47.566351" lon="10.004757">
        <ele>811.703132</ele>
        <time>2026-02-21T15:30:16.249Z</time>
      </trkpt>
      <trkpt lat="47.566356" lon="10.004763">
        <ele>811.677859</ele>
        <time>2026-02-21T15:30:16.893Z</time>
      </trkpt>
      <trkpt lat="47.566362" lon="10.004769">
        <ele>811.649425</ele>
        <time>2026-02-21T15:30:17.618Z</time>
      </trkpt>
      <trkpt lat="47.566367" lon="10.004776">
        <ele>811.622405</ele>
        <time>2026-02-21T15:30:18.307Z</time>
      </trkpt>
      <trkpt lat="47.566373" lon="10.004783">
        <ele>811.592407</ele>
        <time>2026-02-21T15:30:19.072Z</time>
      </trkpt>
      <trkpt lat="47.566378" lon="10.004791">
        <ele>811.563503</ele>
        <time>2026-02-21T15:30:19.809Z</time>
      </trkpt>
      <trkpt lat="47.566384" lon="10.004798">
        <ele>811.533506</ele>
        <time>2026-02-21T15:30:20.574Z</time>
      </trkpt>
      <trkpt lat="47.566389" lon="10.004807">
        <ele>811.502604</ele>
        <time>2026-02-21T15:30:21.361Z</time>
      </trkpt>
      <trkpt lat="47.566395" lon="10.004815">
        <ele>811.470899</ele>
        <time>2026-02-21T15:30:22.170Z</time>
      </trkpt>
      <trkpt lat="47.566401" lon="10.004824">
        <ele>811.437363</ele>
        <time>2026-02-21T15:30:23.025Z</time>
      </trkpt>
      <trkpt lat="47.566408" lon="10.004832">
        <ele>811.402638</ele>
        <time>2026-02-21T15:30:23.910Z</time>
      </trkpt>
      <trkpt lat="47.566415" lon="10.004841">
        <ele>811.366234</ele>
        <time>2026-02-21T15:30:24.838Z</time>
      </trkpt>
      <trkpt lat="47.566422" lon="10.004850">
        <ele>811.329830</ele>
        <time>2026-02-21T15:30:25.766Z</time>
      </trkpt>
      <trkpt lat="47.566428" lon="10.004859">
        <ele>811.296294</ele>
        <time>2026-02-21T15:30:26.621Z</time>
      </trkpt>
      <trkpt lat="47.566434" lon="10.004868">
        <ele>811.262758</ele>
        <time>2026-02-21T15:30:27.476Z</time>
      </trkpt>
      <trkpt lat="47.566439" lon="10.004879">
        <ele>811.227602</ele>
        <time>2026-02-21T15:30:28.372Z</time>
      </trkpt>
      <trkpt lat="47.566444" lon="10.004890">
        <ele>811.192446</ele>
        <time>2026-02-21T15:30:29.268Z</time>
      </trkpt>
      <trkpt lat="47.566448" lon="10.004900">
        <ele>811.161632</ele>
        <time>2026-02-21T15:30:30.053Z</time>
      </trkpt>
      <trkpt lat="47.566452" lon="10.004911">
        <ele>811.128510</ele>
        <time>2026-02-21T15:30:30.898Z</time>
      </trkpt>
      <trkpt lat="47.566456" lon="10.004921">
        <ele>811.097697</ele>
        <time>2026-02-21T15:30:31.684Z</time>
      </trkpt>
      <trkpt lat="47.566460" lon="10.004931">
        <ele>811.066883</ele>
        <time>2026-02-21T15:30:32.469Z</time>
      </trkpt>
      <trkpt lat="47.566466" lon="10.004941">
        <ele>811.031412</ele>
        <time>2026-02-21T15:30:33.374Z</time>
      </trkpt>
      <trkpt lat="47.566471" lon="10.004950">
        <ele>810.995149</ele>
        <time>2026-02-21T15:30:34.161Z</time>
      </trkpt>
      <trkpt lat="47.566478" lon="10.004960">
        <ele>810.949989</ele>
        <time>2026-02-21T15:30:35.135Z</time>
      </trkpt>
      <trkpt lat="47.566485" lon="10.004969">
        <ele>810.906945</ele>
        <time>2026-02-21T15:30:36.063Z</time>
      </trkpt>
      <trkpt lat="47.566491" lon="10.004979">
        <ele>810.865005</ele>
        <time>2026-02-21T15:30:36.967Z</time>
      </trkpt>
      <trkpt lat="47.566497" lon="10.004989">
        <ele>810.823066</ele>
        <time>2026-02-21T15:30:37.872Z</time>
      </trkpt>
      <trkpt lat="47.566503" lon="10.004999">
        <ele>810.781126</ele>
        <time>2026-02-21T15:30:38.776Z</time>
      </trkpt>
      <trkpt lat="47.566509" lon="10.005010">
        <ele>810.736796</ele>
        <time>2026-02-21T15:30:39.732Z</time>
      </trkpt>
      <trkpt lat="47.566513" lon="10.005021">
        <ele>810.697633</ele>
        <time>2026-02-21T15:30:40.576Z</time>
      </trkpt>
      <trkpt lat="47.566517" lon="10.005032">
        <ele>810.658471</ele>
        <time>2026-02-21T15:30:41.421Z</time>
      </trkpt>
      <trkpt lat="47.566521" lon="10.005043">
        <ele>810.619308</ele>
        <time>2026-02-21T15:30:42.265Z</time>
      </trkpt>
      <trkpt lat="47.566524" lon="10.005054">
        <ele>810.582124</ele>
        <time>2026-02-21T15:30:43.067Z</time>
      </trkpt>
      <trkpt lat="47.566528" lon="10.005065">
        <ele>810.542962</ele>
        <time>2026-02-21T15:30:43.911Z</time>
      </trkpt>
      <trkpt lat="47.566532" lon="10.005076">
        <ele>810.503799</ele>
        <time>2026-02-21T15:30:44.755Z</time>
      </trkpt>
      <trkpt lat="47.566536" lon="10.005088">
        <ele>810.461851</ele>
        <time>2026-02-21T15:30:45.659Z</time>
      </trkpt>
      <trkpt lat="47.566541" lon="10.005099">
        <ele>810.420284</ele>
        <time>2026-02-21T15:30:46.556Z</time>
      </trkpt>
      <trkpt lat="47.566545" lon="10.005110">
        <ele>810.381121</ele>
        <time>2026-02-21T15:30:47.400Z</time>
      </trkpt>
      <trkpt lat="47.566550" lon="10.005121">
        <ele>810.339554</ele>
        <time>2026-02-21T15:30:48.297Z</time>
      </trkpt>
      <trkpt lat="47.566554" lon="10.005132">
        <ele>810.300391</ele>
        <time>2026-02-21T15:30:49.141Z</time>
      </trkpt>
      <trkpt lat="47.566558" lon="10.005144">
        <ele>810.258443</ele>
        <time>2026-02-21T15:30:50.046Z</time>
      </trkpt>
      <trkpt lat="47.566562" lon="10.005156">
        <ele>810.216496</ele>
        <time>2026-02-21T15:30:50.951Z</time>
      </trkpt>
      <trkpt lat="47.566567" lon="10.005167">
        <ele>810.174928</ele>
        <time>2026-02-21T15:30:51.846Z</time>
      </trkpt>
      <trkpt lat="47.566571" lon="10.005177">
        <ele>810.138494</ele>
        <time>2026-02-21T15:30:52.632Z</time>
      </trkpt>
      <trkpt lat="47.566576" lon="10.005186">
        <ele>810.101957</ele>
        <time>2026-02-21T15:30:53.421Z</time>
      </trkpt>
      <trkpt lat="47.566582" lon="10.005195">
        <ele>810.062305</ele>
        <time>2026-02-21T15:30:54.275Z</time>
      </trkpt>
      <trkpt lat="47.566588" lon="10.005204">
        <ele>810.022652</ele>
        <time>2026-02-21T15:30:55.130Z</time>
      </trkpt>
      <trkpt lat="47.566594" lon="10.005214">
        <ele>809.980713</ele>
        <time>2026-02-21T15:30:56.034Z</time>
      </trkpt>
      <trkpt lat="47.566599" lon="10.005223">
        <ele>809.944175</ele>
        <time>2026-02-21T15:30:56.822Z</time>
      </trkpt>
      <trkpt lat="47.566603" lon="10.005235">
        <ele>809.902228</ele>
        <time>2026-02-21T15:30:57.727Z</time>
      </trkpt>
      <trkpt lat="47.566606" lon="10.005247">
        <ele>809.862121</ele>
        <time>2026-02-21T15:30:58.591Z</time>
      </trkpt>
      <trkpt lat="47.566609" lon="10.005259">
        <ele>809.822014</ele>
        <time>2026-02-21T15:30:59.456Z</time>
      </trkpt>
      <trkpt lat="47.566612" lon="10.005271">
        <ele>809.781906</ele>
        <time>2026-02-21T15:31:00.321Z</time>
      </trkpt>
      <trkpt lat="47.566615" lon="10.005283">
        <ele>809.741799</ele>
        <time>2026-02-21T15:31:01.185Z</time>
      </trkpt>
      <trkpt lat="47.566618" lon="10.005295">
        <ele>809.701692</ele>
        <time>2026-02-21T15:31:02.051Z</time>
      </trkpt>
      <trkpt lat="47.566620" lon="10.005306">
        <ele>809.665988</ele>
        <time>2026-02-21T15:31:02.820Z</time>
      </trkpt>
      <trkpt lat="47.566623" lon="10.005318">
        <ele>809.625881</ele>
        <time>2026-02-21T15:31:03.685Z</time>
      </trkpt>
      <trkpt lat="47.566626" lon="10.005329">
        <ele>809.588697</ele>
        <time>2026-02-21T15:31:04.487Z</time>
      </trkpt>
      <trkpt lat="47.566628" lon="10.005340">
        <ele>809.552992</ele>
        <time>2026-02-21T15:31:05.257Z</time>
      </trkpt>
      <trkpt lat="47.566631" lon="10.005351">
        <ele>809.515808</ele>
        <time>2026-02-21T15:31:06.059Z</time>
      </trkpt>
      <trkpt lat="47.566635" lon="10.005362">
        <ele>809.476646</ele>
        <time>2026-02-21T15:31:06.903Z</time>
      </trkpt>
      <trkpt lat="47.566638" lon="10.005373">
        <ele>809.439461</ele>
        <time>2026-02-21T15:31:07.705Z</time>
      </trkpt>
      <trkpt lat="47.566642" lon="10.005385">
        <ele>809.397514</ele>
        <time>2026-02-21T15:31:08.611Z</time>
      </trkpt>
      <trkpt lat="47.566646" lon="10.005397">
        <ele>809.355566</ele>
        <time>2026-02-21T15:31:09.514Z</time>
      </trkpt>
      <trkpt lat="47.566651" lon="10.005409">
        <ele>809.311364</ele>
        <time>2026-02-21T15:31:10.467Z</time>
      </trkpt>
      <trkpt lat="47.566655" lon="10.005421">
        <ele>809.269417</ele>
        <time>2026-02-21T15:31:11.371Z</time>
      </trkpt>
      <trkpt lat="47.566660" lon="10.005433">
        <ele>809.225215</ele>
        <time>2026-02-21T15:31:12.325Z</time>
      </trkpt>
      <trkpt lat="47.566665" lon="10.005444">
        <ele>809.183648</ele>
        <time>2026-02-21T15:31:13.221Z</time>
      </trkpt>
      <trkpt lat="47.566670" lon="10.005456">
        <ele>809.139446</ele>
        <time>2026-02-21T15:31:14.175Z</time>
      </trkpt>
      <trkpt lat="47.566675" lon="10.005467">
        <ele>809.097879</ele>
        <time>2026-02-21T15:31:15.071Z</time>
      </trkpt>
      <trkpt lat="47.566680" lon="10.005478">
        <ele>809.056311</ele>
        <time>2026-02-21T15:31:15.966Z</time>
      </trkpt>
      <trkpt lat="47.566685" lon="10.005491">
        <ele>809.009414</ele>
        <time>2026-02-21T15:31:16.978Z</time>
      </trkpt>
      <trkpt lat="47.566690" lon="10.005503">
        <ele>808.965212</ele>
        <time>2026-02-21T15:31:17.931Z</time>
      </trkpt>
      <trkpt lat="47.566694" lon="10.005515">
        <ele>808.923265</ele>
        <time>2026-02-21T15:31:18.836Z</time>
      </trkpt>
      <trkpt lat="47.566698" lon="10.005526">
        <ele>808.884102</ele>
        <time>2026-02-21T15:31:19.680Z</time>
      </trkpt>
      <trkpt lat="47.566702" lon="10.005538">
        <ele>808.842155</ele>
        <time>2026-02-21T15:31:20.585Z</time>
      </trkpt>
      <trkpt lat="47.566706" lon="10.005550">
        <ele>808.800207</ele>
        <time>2026-02-21T15:31:21.490Z</time>
      </trkpt>
      <trkpt lat="47.566710" lon="10.005562">
        <ele>808.758260</ele>
        <time>2026-02-21T15:31:22.394Z</time>
      </trkpt>
      <trkpt lat="47.566715" lon="10.005574">
        <ele>808.714058</ele>
        <time>2026-02-21T15:31:23.347Z</time>
      </trkpt>
      <trkpt lat="47.566719" lon="10.005587">
        <ele>808.669279</ele>
        <time>2026-02-21T15:31:24.313Z</time>
      </trkpt>
      <trkpt lat="47.566723" lon="10.005599">
        <ele>808.627332</ele>
        <time>2026-02-21T15:31:25.217Z</time>
      </trkpt>
      <trkpt lat="47.566727" lon="10.005611">
        <ele>808.585384</ele>
        <time>2026-02-21T15:31:26.122Z</time>
      </trkpt>
      <trkpt lat="47.566730" lon="10.005623">
        <ele>808.545277</ele>
        <time>2026-02-21T15:31:26.986Z</time>
      </trkpt>
      <trkpt lat="47.566733" lon="10.005635">
        <ele>808.505170</ele>
        <time>2026-02-21T15:31:27.852Z</time>
      </trkpt>
      <trkpt lat="47.566737" lon="10.005647">
        <ele>808.463222</ele>
        <time>2026-02-21T15:31:28.756Z</time>
      </trkpt>
      <trkpt lat="47.566741" lon="10.005659">
        <ele>808.421275</ele>
        <time>2026-02-21T15:31:29.661Z</time>
      </trkpt>
      <trkpt lat="47.566745" lon="10.005671">
        <ele>808.379327</ele>
        <time>2026-02-21T15:31:30.565Z</time>
      </trkpt>
      <trkpt lat="47.566749" lon="10.005684">
        <ele>808.334548</ele>
        <time>2026-02-21T15:31:31.530Z</time>
      </trkpt>
      <trkpt lat="47.566753" lon="10.005696">
        <ele>808.292601</ele>
        <time>2026-02-21T15:31:32.435Z</time>
      </trkpt>
      <trkpt lat="47.566757" lon="10.005709">
        <ele>808.247822</ele>
        <time>2026-02-21T15:31:33.401Z</time>
      </trkpt>
      <trkpt lat="47.566761" lon="10.005721">
        <ele>808.205874</ele>
        <time>2026-02-21T15:31:34.305Z</time>
      </trkpt>
      <trkpt lat="47.566764" lon="10.005735">
        <ele>808.159838</ele>
        <time>2026-02-21T15:31:35.298Z</time>
      </trkpt>
      <trkpt lat="47.566768" lon="10.005748">
        <ele>808.115059</ele>
        <time>2026-02-21T15:31:36.264Z</time>
      </trkpt>
      <trkpt lat="47.566772" lon="10.005761">
        <ele>808.070280</ele>
        <time>2026-02-21T15:31:37.230Z</time>
      </trkpt>
      <trkpt lat="47.566775" lon="10.005774">
        <ele>808.027220</ele>
        <time>2026-02-21T15:31:38.158Z</time>
      </trkpt>
      <trkpt lat="47.566779" lon="10.005787">
        <ele>807.982441</ele>
        <time>2026-02-21T15:31:39.125Z</time>
      </trkpt>
      <trkpt lat="47.566782" lon="10.005800">
        <ele>807.939382</ele>
        <time>2026-02-21T15:31:40.053Z</time>
      </trkpt>
      <trkpt lat="47.566786" lon="10.005812">
        <ele>807.897434</ele>
        <time>2026-02-21T15:31:40.958Z</time>
      </trkpt>
      <trkpt lat="47.566791" lon="10.005825">
        <ele>807.850537</ele>
        <time>2026-02-21T15:31:41.968Z</time>
      </trkpt>
      <trkpt lat="47.566795" lon="10.005837">
        <ele>807.808590</ele>
        <time>2026-02-21T15:31:42.873Z</time>
      </trkpt>
      <trkpt lat="47.566800" lon="10.005849">
        <ele>807.764388</ele>
        <time>2026-02-21T15:31:43.827Z</time>
      </trkpt>
      <trkpt lat="47.566804" lon="10.005862">
        <ele>807.719609</ele>
        <time>2026-02-21T15:31:44.792Z</time>
      </trkpt>
      <trkpt lat="47.566808" lon="10.005875">
        <ele>807.674830</ele>
        <time>2026-02-21T15:31:45.757Z</time>
      </trkpt>
      <trkpt lat="47.566812" lon="10.005888">
        <ele>807.630052</ele>
        <time>2026-02-21T15:31:46.723Z</time>
      </trkpt>
      <trkpt lat="47.566816" lon="10.005900">
        <ele>807.588104</ele>
        <time>2026-02-21T15:31:47.628Z</time>
      </trkpt>
      <trkpt lat="47.566820" lon="10.005913">
        <ele>807.543325</ele>
        <time>2026-02-21T15:31:48.593Z</time>
      </trkpt>
      <trkpt lat="47.566824" lon="10.005926">
        <ele>807.498546</ele>
        <time>2026-02-21T15:31:49.559Z</time>
      </trkpt>
      <trkpt lat="47.566828" lon="10.005939">
        <ele>807.453767</ele>
        <time>2026-02-21T15:31:50.525Z</time>
      </trkpt>
      <trkpt lat="47.566832" lon="10.005952">
        <ele>807.408988</ele>
        <time>2026-02-21T15:31:51.490Z</time>
      </trkpt>
      <trkpt lat="47.566836" lon="10.005965">
        <ele>807.364210</ele>
        <time>2026-02-21T15:31:52.457Z</time>
      </trkpt>
      <trkpt lat="47.566840" lon="10.005978">
        <ele>807.319431</ele>
        <time>2026-02-21T15:31:53.422Z</time>
      </trkpt>
      <trkpt lat="47.566844" lon="10.005991">
        <ele>807.274652</ele>
        <time>2026-02-21T15:31:54.389Z</time>
      </trkpt>
      <trkpt lat="47.566847" lon="10.006004">
        <ele>807.231592</ele>
        <time>2026-02-21T15:31:55.317Z</time>
      </trkpt>
      <trkpt lat="47.566850" lon="10.006017">
        <ele>807.188533</ele>
        <time>2026-02-21T15:31:56.246Z</time>
      </trkpt>
      <trkpt lat="47.566853" lon="10.006031">
        <ele>807.142497</ele>
        <time>2026-02-21T15:31:57.238Z</time>
      </trkpt>
      <trkpt lat="47.566856" lon="10.006042">
        <ele>807.105312</ele>
        <time>2026-02-21T15:31:58.040Z</time>
      </trkpt>
      <trkpt lat="47.566859" lon="10.006053">
        <ele>807.068128</ele>
        <time>2026-02-21T15:31:58.842Z</time>
      </trkpt>
      <trkpt lat="47.566863" lon="10.006063">
        <ele>807.031695</ele>
        <time>2026-02-21T15:31:59.628Z</time>
      </trkpt>
      <trkpt lat="47.566868" lon="10.006073">
        <ele>806.992687</ele>
        <time>2026-02-21T15:32:00.469Z</time>
      </trkpt>
      <trkpt lat="47.566872" lon="10.006085">
        <ele>806.950740</ele>
        <time>2026-02-21T15:32:01.373Z</time>
      </trkpt>
      <trkpt lat="47.566876" lon="10.006096">
        <ele>806.911577</ele>
        <time>2026-02-21T15:32:02.218Z</time>
      </trkpt>
      <trkpt lat="47.566879" lon="10.006110">
        <ele>806.865541</ele>
        <time>2026-02-21T15:32:03.211Z</time>
      </trkpt>
      <trkpt lat="47.566882" lon="10.006123">
        <ele>806.822482</ele>
        <time>2026-02-21T15:32:04.140Z</time>
      </trkpt>
      <trkpt lat="47.566885" lon="10.006137">
        <ele>806.776446</ele>
        <time>2026-02-21T15:32:05.133Z</time>
      </trkpt>
      <trkpt lat="47.566887" lon="10.006151">
        <ele>806.731597</ele>
        <time>2026-02-21T15:32:06.100Z</time>
      </trkpt>
      <trkpt lat="47.566889" lon="10.006164">
        <ele>806.689808</ele>
        <time>2026-02-21T15:32:07.001Z</time>
      </trkpt>
      <trkpt lat="47.566890" lon="10.006177">
        <ele>806.648802</ele>
        <time>2026-02-21T15:32:07.886Z</time>
      </trkpt>
      <trkpt lat="47.566893" lon="10.006190">
        <ele>806.605743</ele>
        <time>2026-02-21T15:32:08.814Z</time>
      </trkpt>
      <trkpt lat="47.566895" lon="10.006203">
        <ele>806.563954</ele>
        <time>2026-02-21T15:32:09.717Z</time>
      </trkpt>
      <trkpt lat="47.566897" lon="10.006216">
        <ele>806.522166</ele>
        <time>2026-02-21T15:32:10.617Z</time>
      </trkpt>
      <trkpt lat="47.566900" lon="10.006229">
        <ele>806.479107</ele>
        <time>2026-02-21T15:32:11.546Z</time>
      </trkpt>
      <trkpt lat="47.566902" lon="10.006240">
        <ele>806.443403</ele>
        <time>2026-02-21T15:32:12.316Z</time>
      </trkpt>
      <trkpt lat="47.566904" lon="10.006251">
        <ele>806.407699</ele>
        <time>2026-02-21T15:32:13.085Z</time>
      </trkpt>
      <trkpt lat="47.566905" lon="10.006263">
        <ele>806.369804</ele>
        <time>2026-02-21T15:32:13.904Z</time>
      </trkpt>
      <trkpt lat="47.566907" lon="10.006274">
        <ele>806.334100</ele>
        <time>2026-02-21T15:32:14.673Z</time>
      </trkpt>
      <trkpt lat="47.566908" lon="10.006284">
        <ele>806.302418</ele>
        <time>2026-02-21T15:32:15.357Z</time>
      </trkpt>
      <trkpt lat="47.566909" lon="10.006295">
        <ele>806.267632</ele>
        <time>2026-02-21T15:32:16.107Z</time>
      </trkpt>
      <trkpt lat="47.566912" lon="10.006305">
        <ele>806.233333</ele>
        <time>2026-02-21T15:32:16.846Z</time>
      </trkpt>
      <trkpt lat="47.566914" lon="10.006312">
        <ele>806.209509</ele>
        <time>2026-02-21T15:32:17.360Z</time>
      </trkpt>
      <trkpt lat="47.566916" lon="10.006319">
        <ele>806.185685</ele>
        <time>2026-02-21T15:32:17.874Z</time>
      </trkpt>
      <trkpt lat="47.566921" lon="10.006327">
        <ele>806.151509</ele>
        <time>2026-02-21T15:32:18.611Z</time>
      </trkpt>
      <trkpt lat="47.566926" lon="10.006334">
        <ele>806.119562</ele>
        <time>2026-02-21T15:32:19.300Z</time>
      </trkpt>
      <trkpt lat="47.566933" lon="10.006343">
        <ele>806.076518</ele>
        <time>2026-02-21T15:32:20.228Z</time>
      </trkpt>
      <trkpt lat="47.566941" lon="10.006352">
        <ele>806.029866</ele>
        <time>2026-02-21T15:32:21.235Z</time>
      </trkpt>
      <trkpt lat="47.566948" lon="10.006363">
        <ele>805.982478</ele>
        <time>2026-02-21T15:32:22.257Z</time>
      </trkpt>
      <trkpt lat="47.566956" lon="10.006375">
        <ele>805.929608</ele>
        <time>2026-02-21T15:32:23.398Z</time>
      </trkpt>
      <trkpt lat="47.566961" lon="10.006389">
        <ele>805.879964</ele>
        <time>2026-02-21T15:32:24.468Z</time>
      </trkpt>
      <trkpt lat="47.566967" lon="10.006403">
        <ele>805.827985</ele>
        <time>2026-02-21T15:32:25.589Z</time>
      </trkpt>
      <trkpt lat="47.566970" lon="10.006418">
        <ele>805.778953</ele>
        <time>2026-02-21T15:32:26.646Z</time>
      </trkpt>
      <trkpt lat="47.566973" lon="10.006433">
        <ele>805.729921</ele>
        <time>2026-02-21T15:32:27.703Z</time>
      </trkpt>
      <trkpt lat="47.566975" lon="10.006447">
        <ele>805.685072</ele>
        <time>2026-02-21T15:32:28.671Z</time>
      </trkpt>
      <trkpt lat="47.566978" lon="10.006462">
        <ele>805.636040</ele>
        <time>2026-02-21T15:32:29.729Z</time>
      </trkpt>
      <trkpt lat="47.566979" lon="10.006476">
        <ele>805.591918</ele>
        <time>2026-02-21T15:32:30.680Z</time>
      </trkpt>
      <trkpt lat="47.566981" lon="10.006491">
        <ele>805.543998</ele>
        <time>2026-02-21T15:32:31.713Z</time>
      </trkpt>
      <trkpt lat="47.566983" lon="10.006505">
        <ele>805.499149</ele>
        <time>2026-02-21T15:32:32.680Z</time>
      </trkpt>
      <trkpt lat="47.566986" lon="10.006519">
        <ele>805.453113</ele>
        <time>2026-02-21T15:32:33.673Z</time>
      </trkpt>
      <trkpt lat="47.566989" lon="10.006533">
        <ele>805.407077</ele>
        <time>2026-02-21T15:32:34.666Z</time>
      </trkpt>
      <trkpt lat="47.566992" lon="10.006546">
        <ele>805.364018</ele>
        <time>2026-02-21T15:32:35.595Z</time>
      </trkpt>
      <trkpt lat="47.566997" lon="10.006559">
        <ele>805.317121</ele>
        <time>2026-02-21T15:32:36.607Z</time>
      </trkpt>
      <trkpt lat="47.567000" lon="10.006572">
        <ele>805.274062</ele>
        <time>2026-02-21T15:32:37.535Z</time>
      </trkpt>
      <trkpt lat="47.567005" lon="10.006585">
        <ele>805.227165</ele>
        <time>2026-02-21T15:32:38.547Z</time>
      </trkpt>
      <trkpt lat="47.567009" lon="10.006598">
        <ele>805.182386</ele>
        <time>2026-02-21T15:32:39.512Z</time>
      </trkpt>
      <trkpt lat="47.567013" lon="10.006611">
        <ele>805.137607</ele>
        <time>2026-02-21T15:32:40.479Z</time>
      </trkpt>
      <trkpt lat="47.567017" lon="10.006624">
        <ele>805.092829</ele>
        <time>2026-02-21T15:32:41.444Z</time>
      </trkpt>
      <trkpt lat="47.567021" lon="10.006637">
        <ele>805.048050</ele>
        <time>2026-02-21T15:32:42.410Z</time>
      </trkpt>
      <trkpt lat="47.567025" lon="10.006650">
        <ele>805.003271</ele>
        <time>2026-02-21T15:32:43.376Z</time>
      </trkpt>
      <trkpt lat="47.567029" lon="10.006663">
        <ele>804.958492</ele>
        <time>2026-02-21T15:32:44.342Z</time>
      </trkpt>
      <trkpt lat="47.567033" lon="10.006676">
        <ele>804.913713</ele>
        <time>2026-02-21T15:32:45.308Z</time>
      </trkpt>
      <trkpt lat="47.567037" lon="10.006688">
        <ele>804.871766</ele>
        <time>2026-02-21T15:32:46.213Z</time>
      </trkpt>
      <trkpt lat="47.567041" lon="10.006701">
        <ele>804.826987</ele>
        <time>2026-02-21T15:32:47.178Z</time>
      </trkpt>
      <trkpt lat="47.567044" lon="10.006714">
        <ele>804.783928</ele>
        <time>2026-02-21T15:32:48.106Z</time>
      </trkpt>
      <trkpt lat="47.567047" lon="10.006727">
        <ele>804.740869</ele>
        <time>2026-02-21T15:32:49.035Z</time>
      </trkpt>
      <trkpt lat="47.567049" lon="10.006740">
        <ele>804.699081</ele>
        <time>2026-02-21T15:32:49.937Z</time>
      </trkpt>
      <trkpt lat="47.567050" lon="10.006753">
        <ele>804.658074</ele>
        <time>2026-02-21T15:32:50.821Z</time>
      </trkpt>
      <trkpt lat="47.567053" lon="10.006766">
        <ele>804.615015</ele>
        <time>2026-02-21T15:32:51.750Z</time>
      </trkpt>
      <trkpt lat="47.567055" lon="10.006779">
        <ele>804.573227</ele>
        <time>2026-02-21T15:32:52.651Z</time>
      </trkpt>
      <trkpt lat="47.567058" lon="10.006793">
        <ele>804.527191</ele>
        <time>2026-02-21T15:32:53.645Z</time>
      </trkpt>
      <trkpt lat="47.567060" lon="10.006807">
        <ele>804.482342</ele>
        <time>2026-02-21T15:32:54.611Z</time>
      </trkpt>
      <trkpt lat="47.567063" lon="10.006821">
        <ele>804.436306</ele>
        <time>2026-02-21T15:32:55.605Z</time>
      </trkpt>
      <trkpt lat="47.567065" lon="10.006835">
        <ele>804.391457</ele>
        <time>2026-02-21T15:32:56.572Z</time>
      </trkpt>
      <trkpt lat="47.567068" lon="10.006848">
        <ele>804.348398</ele>
        <time>2026-02-21T15:32:57.501Z</time>
      </trkpt>
      <trkpt lat="47.567071" lon="10.006862">
        <ele>804.302362</ele>
        <time>2026-02-21T15:32:58.494Z</time>
      </trkpt>
      <trkpt lat="47.567073" lon="10.006877">
        <ele>804.254442</ele>
        <time>2026-02-21T15:32:59.528Z</time>
      </trkpt>
      <trkpt lat="47.567075" lon="10.006892">
        <ele>804.206523</ele>
        <time>2026-02-21T15:33:00.561Z</time>
      </trkpt>
      <trkpt lat="47.567075" lon="10.006906">
        <ele>804.162647</ele>
        <time>2026-02-21T15:33:01.507Z</time>
      </trkpt>
      <trkpt lat="47.567076" lon="10.006919">
        <ele>804.121640</ele>
        <time>2026-02-21T15:33:02.391Z</time>
      </trkpt>
      <trkpt lat="47.567075" lon="10.006932">
        <ele>804.080634</ele>
        <time>2026-02-21T15:33:03.276Z</time>
      </trkpt>
      <trkpt lat="47.567074" lon="10.006944">
        <ele>804.042740</ele>
        <time>2026-02-21T15:33:04.093Z</time>
      </trkpt>
      <trkpt lat="47.567073" lon="10.006957">
        <ele>804.001734</ele>
        <time>2026-02-21T15:33:04.978Z</time>
      </trkpt>
      <trkpt lat="47.567073" lon="10.006970">
        <ele>803.960992</ele>
        <time>2026-02-21T15:33:05.856Z</time>
      </trkpt>
      <trkpt lat="47.567074" lon="10.006984">
        <ele>803.916870</ele>
        <time>2026-02-21T15:33:06.808Z</time>
      </trkpt>
      <trkpt lat="47.567075" lon="10.006998">
        <ele>803.872749</ele>
        <time>2026-02-21T15:33:07.760Z</time>
      </trkpt>
      <trkpt lat="47.567079" lon="10.007011">
        <ele>803.827970</ele>
        <time>2026-02-21T15:33:08.726Z</time>
      </trkpt>
      <trkpt lat="47.567082" lon="10.007024">
        <ele>803.784910</ele>
        <time>2026-02-21T15:33:09.655Z</time>
      </trkpt>
      <trkpt lat="47.567092" lon="10.007032">
        <ele>803.732127</ele>
        <time>2026-02-21T15:33:10.793Z</time>
      </trkpt>
      <trkpt lat="47.567098" lon="10.007039">
        <ele>803.696659</ele>
        <time>2026-02-21T15:33:11.558Z</time>
      </trkpt>
      <trkpt lat="47.567104" lon="10.007046">
        <ele>803.661191</ele>
        <time>2026-02-21T15:33:12.323Z</time>
      </trkpt>
      <trkpt lat="47.567108" lon="10.007056">
        <ele>803.624757</ele>
        <time>2026-02-21T15:33:13.109Z</time>
      </trkpt>
      <trkpt lat="47.567113" lon="10.007065">
        <ele>803.588220</ele>
        <time>2026-02-21T15:33:13.896Z</time>
      </trkpt>
      <trkpt lat="47.567116" lon="10.007076">
        <ele>803.551036</ele>
        <time>2026-02-21T15:33:14.699Z</time>
      </trkpt>
      <trkpt lat="47.567120" lon="10.007088">
        <ele>803.509089</ele>
        <time>2026-02-21T15:33:15.604Z</time>
      </trkpt>
      <trkpt lat="47.567124" lon="10.007101">
        <ele>803.464310</ele>
        <time>2026-02-21T15:33:16.569Z</time>
      </trkpt>
      <trkpt lat="47.567127" lon="10.007114">
        <ele>803.421251</ele>
        <time>2026-02-21T15:33:17.498Z</time>
      </trkpt>
      <trkpt lat="47.567131" lon="10.007128">
        <ele>803.373603</ele>
        <time>2026-02-21T15:33:18.525Z</time>
      </trkpt>
      <trkpt lat="47.567135" lon="10.007142">
        <ele>803.325955</ele>
        <time>2026-02-21T15:33:19.553Z</time>
      </trkpt>
      <trkpt lat="47.567137" lon="10.007150">
        <ele>803.299217</ele>
        <time>2026-02-21T15:33:20.130Z</time>
      </trkpt>
      <trkpt lat="47.567139" lon="10.007158">
        <ele>803.272479</ele>
        <time>2026-02-21T15:33:20.707Z</time>
      </trkpt>
      <trkpt lat="47.567142" lon="10.007170">
        <ele>803.232372</ele>
        <time>2026-02-21T15:33:21.572Z</time>
      </trkpt>
      <trkpt lat="47.567145" lon="10.007182">
        <ele>803.192266</ele>
        <time>2026-02-21T15:33:22.438Z</time>
      </trkpt>
      <trkpt lat="47.567147" lon="10.007191">
        <ele>803.162569</ele>
        <time>2026-02-21T15:33:23.078Z</time>
      </trkpt>
      <trkpt lat="47.567149" lon="10.007201">
        <ele>803.129881</ele>
        <time>2026-02-21T15:33:23.783Z</time>
      </trkpt>
      <trkpt lat="47.567151" lon="10.007210">
        <ele>803.100184</ele>
        <time>2026-02-21T15:33:24.424Z</time>
      </trkpt>
      <trkpt lat="47.567153" lon="10.007219">
        <ele>803.070488</ele>
        <time>2026-02-21T15:33:25.064Z</time>
      </trkpt>
      <trkpt lat="47.567156" lon="10.007228">
        <ele>803.039027</ele>
        <time>2026-02-21T15:33:25.743Z</time>
      </trkpt>
      <trkpt lat="47.567158" lon="10.007238">
        <ele>803.006339</ele>
        <time>2026-02-21T15:33:26.448Z</time>
      </trkpt>
      <trkpt lat="47.567161" lon="10.007250">
        <ele>802.966233</ele>
        <time>2026-02-21T15:33:27.313Z</time>
      </trkpt>
      <trkpt lat="47.567164" lon="10.007262">
        <ele>802.926126</ele>
        <time>2026-02-21T15:33:28.179Z</time>
      </trkpt>
      <trkpt lat="47.567168" lon="10.007275">
        <ele>802.881347</ele>
        <time>2026-02-21T15:33:29.144Z</time>
      </trkpt>
      <trkpt lat="47.567172" lon="10.007288">
        <ele>802.836569</ele>
        <time>2026-02-21T15:33:30.110Z</time>
      </trkpt>
      <trkpt lat="47.567177" lon="10.007302">
        <ele>802.786925</ele>
        <time>2026-02-21T15:33:31.181Z</time>
      </trkpt>
      <trkpt lat="47.567181" lon="10.007317">
        <ele>802.736376</ele>
        <time>2026-02-21T15:33:32.271Z</time>
      </trkpt>
      <trkpt lat="47.567187" lon="10.007331">
        <ele>802.684397</ele>
        <time>2026-02-21T15:33:33.392Z</time>
      </trkpt>
      <trkpt lat="47.567193" lon="10.007346">
        <ele>802.623720</ele>
        <time>2026-02-21T15:33:34.571Z</time>
      </trkpt>
      <trkpt lat="47.567198" lon="10.007361">
        <ele>802.564368</ele>
        <time>2026-02-21T15:33:35.702Z</time>
      </trkpt>
      <trkpt lat="47.567203" lon="10.007376">
        <ele>802.505016</ele>
        <time>2026-02-21T15:33:36.833Z</time>
      </trkpt>
      <trkpt lat="47.567207" lon="10.007389">
        <ele>802.454330</ele>
        <time>2026-02-21T15:33:37.799Z</time>
      </trkpt>
      <trkpt lat="47.567211" lon="10.007402">
        <ele>802.403644</ele>
        <time>2026-02-21T15:33:38.765Z</time>
      </trkpt>
      <trkpt lat="47.567214" lon="10.007414">
        <ele>802.358246</ele>
        <time>2026-02-21T15:33:39.631Z</time>
      </trkpt>
      <trkpt lat="47.567217" lon="10.007427">
        <ele>802.309506</ele>
        <time>2026-02-21T15:33:40.559Z</time>
      </trkpt>
      <trkpt lat="47.567222" lon="10.007440">
        <ele>802.256422</ele>
        <time>2026-02-21T15:33:41.571Z</time>
      </trkpt>
      <trkpt lat="47.567226" lon="10.007452">
        <ele>802.208940</ele>
        <time>2026-02-21T15:33:42.476Z</time>
      </trkpt>
      <trkpt lat="47.567233" lon="10.007466">
        <ele>802.147125</ele>
        <time>2026-02-21T15:33:43.654Z</time>
      </trkpt>
      <trkpt lat="47.567239" lon="10.007480">
        <ele>802.088289</ele>
        <time>2026-02-21T15:33:44.774Z</time>
      </trkpt>
      <trkpt lat="47.567245" lon="10.007491">
        <ele>802.038110</ele>
        <time>2026-02-21T15:33:45.731Z</time>
      </trkpt>
      <trkpt lat="47.567251" lon="10.007503">
        <ele>801.985126</ele>
        <time>2026-02-21T15:33:46.741Z</time>
      </trkpt>
      <trkpt lat="47.567259" lon="10.007512">
        <ele>801.932319</ele>
        <time>2026-02-21T15:33:47.747Z</time>
      </trkpt>
      <trkpt lat="47.567267" lon="10.007521">
        <ele>801.879513</ele>
        <time>2026-02-21T15:33:48.753Z</time>
      </trkpt>
      <trkpt lat="47.567275" lon="10.007529">
        <ele>801.828772</ele>
        <time>2026-02-21T15:33:49.720Z</time>
      </trkpt>
      <trkpt lat="47.567283" lon="10.007537">
        <ele>801.778032</ele>
        <time>2026-02-21T15:33:50.687Z</time>
      </trkpt>
      <trkpt lat="47.567291" lon="10.007545">
        <ele>801.727292</ele>
        <time>2026-02-21T15:33:51.654Z</time>
      </trkpt>
      <trkpt lat="47.567299" lon="10.007553">
        <ele>801.676551</ele>
        <time>2026-02-21T15:33:52.621Z</time>
      </trkpt>
      <trkpt lat="47.567308" lon="10.007561">
        <ele>801.621374</ele>
        <time>2026-02-21T15:33:53.673Z</time>
      </trkpt>
      <trkpt lat="47.567316" lon="10.007569">
        <ele>801.570634</ele>
        <time>2026-02-21T15:33:54.640Z</time>
      </trkpt>
      <trkpt lat="47.567324" lon="10.007576">
        <ele>801.521789</ele>
        <time>2026-02-21T15:33:55.571Z</time>
      </trkpt>
      <trkpt lat="47.567333" lon="10.007583">
        <ele>801.468350</ele>
        <time>2026-02-21T15:33:56.589Z</time>
      </trkpt>
      <trkpt lat="47.567341" lon="10.007589">
        <ele>801.421210</ele>
        <time>2026-02-21T15:33:57.487Z</time>
      </trkpt>
      <trkpt lat="47.567349" lon="10.007594">
        <ele>801.375561</ele>
        <time>2026-02-21T15:33:58.357Z</time>
      </trkpt>
      <trkpt lat="47.567357" lon="10.007599">
        <ele>801.329913</ele>
        <time>2026-02-21T15:33:59.227Z</time>
      </trkpt>
      <trkpt lat="47.567363" lon="10.007602">
        <ele>801.296620</ele>
        <time>2026-02-21T15:33:59.861Z</time>
      </trkpt>
      <trkpt lat="47.567370" lon="10.007605">
        <ele>801.258308</ele>
        <time>2026-02-21T15:34:00.591Z</time>
      </trkpt>
      <trkpt lat="47.567376" lon="10.007608">
        <ele>801.225016</ele>
        <time>2026-02-21T15:34:01.226Z</time>
      </trkpt>
      <trkpt lat="47.567383" lon="10.007611">
        <ele>801.186704</ele>
        <time>2026-02-21T15:34:01.956Z</time>
      </trkpt>
      <trkpt lat="47.567391" lon="10.007614">
        <ele>801.143317</ele>
        <time>2026-02-21T15:34:02.783Z</time>
      </trkpt>
      <trkpt lat="47.567399" lon="10.007618">
        <ele>801.098927</ele>
        <time>2026-02-21T15:34:03.628Z</time>
      </trkpt>
      <trkpt lat="47.567408" lon="10.007621">
        <ele>801.050425</ele>
        <time>2026-02-21T15:34:04.553Z</time>
      </trkpt>
      <trkpt lat="47.567417" lon="10.007625">
        <ele>801.001024</ele>
        <time>2026-02-21T15:34:05.494Z</time>
      </trkpt>
      <trkpt lat="47.567426" lon="10.007629">
        <ele>800.951624</ele>
        <time>2026-02-21T15:34:06.435Z</time>
      </trkpt>
      <trkpt lat="47.567435" lon="10.007633">
        <ele>800.902223</ele>
        <time>2026-02-21T15:34:07.377Z</time>
      </trkpt>
      <trkpt lat="47.567444" lon="10.007636">
        <ele>800.853721</ele>
        <time>2026-02-21T15:34:08.302Z</time>
      </trkpt>
      <trkpt lat="47.567454" lon="10.007639">
        <ele>800.800078</ele>
        <time>2026-02-21T15:34:09.324Z</time>
      </trkpt>
      <trkpt lat="47.567464" lon="10.007640">
        <ele>800.747382</ele>
        <time>2026-02-21T15:34:10.329Z</time>
      </trkpt>
      <trkpt lat="47.567474" lon="10.007641">
        <ele>800.694686</ele>
        <time>2026-02-21T15:34:11.332Z</time>
      </trkpt>
      <trkpt lat="47.567484" lon="10.007642">
        <ele>800.641989</ele>
        <time>2026-02-21T15:34:12.337Z</time>
      </trkpt>
      <trkpt lat="47.567495" lon="10.007642">
        <ele>800.584155</ele>
        <time>2026-02-21T15:34:13.439Z</time>
      </trkpt>
      <trkpt lat="47.567506" lon="10.007643">
        <ele>800.526212</ele>
        <time>2026-02-21T15:34:14.543Z</time>
      </trkpt>
      <trkpt lat="47.567516" lon="10.007644">
        <ele>800.473515</ele>
        <time>2026-02-21T15:34:15.547Z</time>
      </trkpt>
      <trkpt lat="47.567526" lon="10.007643">
        <ele>800.420819</ele>
        <time>2026-02-21T15:34:16.552Z</time>
      </trkpt>
      <trkpt lat="47.567537" lon="10.007642">
        <ele>800.362876</ele>
        <time>2026-02-21T15:34:17.656Z</time>
      </trkpt>
      <trkpt lat="47.567547" lon="10.007639">
        <ele>800.309233</ele>
        <time>2026-02-21T15:34:18.677Z</time>
      </trkpt>
      <trkpt lat="47.567557" lon="10.007635">
        <ele>800.254775</ele>
        <time>2026-02-21T15:34:19.715Z</time>
      </trkpt>
      <trkpt lat="47.567567" lon="10.007632">
        <ele>800.201132</ele>
        <time>2026-02-21T15:34:20.738Z</time>
      </trkpt>
      <trkpt lat="47.567578" lon="10.007629">
        <ele>800.142326</ele>
        <time>2026-02-21T15:34:21.859Z</time>
      </trkpt>
      <trkpt lat="47.567588" lon="10.007628">
        <ele>800.089630</ele>
        <time>2026-02-21T15:34:22.862Z</time>
      </trkpt>
      <trkpt lat="47.567598" lon="10.007626">
        <ele>800.036577</ele>
        <time>2026-02-21T15:34:23.874Z</time>
      </trkpt>
      <trkpt lat="47.567608" lon="10.007624">
        <ele>799.983523</ele>
        <time>2026-02-21T15:34:24.885Z</time>
      </trkpt>
      <trkpt lat="47.567618" lon="10.007622">
        <ele>799.930470</ele>
        <time>2026-02-21T15:34:25.897Z</time>
      </trkpt>
      <trkpt lat="47.567627" lon="10.007620">
        <ele>799.882622</ele>
        <time>2026-02-21T15:34:26.808Z</time>
      </trkpt>
      <trkpt lat="47.567636" lon="10.007618">
        <ele>799.834774</ele>
        <time>2026-02-21T15:34:27.720Z</time>
      </trkpt>
      <trkpt lat="47.567646" lon="10.007616">
        <ele>799.781720</ele>
        <time>2026-02-21T15:34:28.731Z</time>
      </trkpt>
      <trkpt lat="47.567656" lon="10.007615">
        <ele>799.729024</ele>
        <time>2026-02-21T15:34:29.735Z</time>
      </trkpt>
      <trkpt lat="47.567665" lon="10.007614">
        <ele>799.681572</ele>
        <time>2026-02-21T15:34:30.639Z</time>
      </trkpt>
      <trkpt lat="47.567675" lon="10.007613">
        <ele>799.628876</ele>
        <time>2026-02-21T15:34:31.644Z</time>
      </trkpt>
      <trkpt lat="47.567684" lon="10.007612">
        <ele>799.581424</ele>
        <time>2026-02-21T15:34:32.548Z</time>
      </trkpt>
      <trkpt lat="47.567694" lon="10.007611">
        <ele>799.528728</ele>
        <time>2026-02-21T15:34:33.552Z</time>
      </trkpt>
      <trkpt lat="47.567704" lon="10.007608">
        <ele>799.475085</ele>
        <time>2026-02-21T15:34:34.574Z</time>
      </trkpt>
      <trkpt lat="47.567714" lon="10.007605">
        <ele>799.421442</ele>
        <time>2026-02-21T15:34:35.597Z</time>
      </trkpt>
      <trkpt lat="47.567723" lon="10.007601">
        <ele>799.372041</ele>
        <time>2026-02-21T15:34:36.538Z</time>
      </trkpt>
      <trkpt lat="47.567733" lon="10.007597">
        <ele>799.317583</ele>
        <time>2026-02-21T15:34:37.576Z</time>
      </trkpt>
      <trkpt lat="47.567742" lon="10.007594">
        <ele>799.269082</ele>
        <time>2026-02-21T15:34:38.500Z</time>
      </trkpt>
      <trkpt lat="47.567751" lon="10.007592">
        <ele>799.221233</ele>
        <time>2026-02-21T15:34:39.412Z</time>
      </trkpt>
      <trkpt lat="47.567761" lon="10.007592">
        <ele>799.168657</ele>
        <time>2026-02-21T15:34:40.414Z</time>
      </trkpt>
      <trkpt lat="47.567771" lon="10.007592">
        <ele>799.116080</ele>
        <time>2026-02-21T15:34:41.416Z</time>
      </trkpt>
      <trkpt lat="47.567782" lon="10.007591">
        <ele>799.058137</ele>
        <time>2026-02-21T15:34:42.521Z</time>
      </trkpt>
      <trkpt lat="47.567792" lon="10.007590">
        <ele>799.005440</ele>
        <time>2026-02-21T15:34:43.525Z</time>
      </trkpt>
      <trkpt lat="47.567802" lon="10.007587">
        <ele>798.951797</ele>
        <time>2026-02-21T15:34:44.547Z</time>
      </trkpt>
      <trkpt lat="47.567812" lon="10.007585">
        <ele>798.898744</ele>
        <time>2026-02-21T15:34:45.557Z</time>
      </trkpt>
      <trkpt lat="47.567821" lon="10.007582">
        <ele>798.850243</ele>
        <time>2026-02-21T15:34:46.482Z</time>
      </trkpt>
      <trkpt lat="47.567830" lon="10.007580">
        <ele>798.802395</ele>
        <time>2026-02-21T15:34:47.394Z</time>
      </trkpt>
      <trkpt lat="47.567839" lon="10.007577">
        <ele>798.753894</ele>
        <time>2026-02-21T15:34:48.319Z</time>
      </trkpt>
      <trkpt lat="47.567848" lon="10.007573">
        <ele>798.704493</ele>
        <time>2026-02-21T15:34:49.260Z</time>
      </trkpt>
      <trkpt lat="47.567858" lon="10.007572">
        <ele>798.651797</ele>
        <time>2026-02-21T15:34:50.264Z</time>
      </trkpt>
      <trkpt lat="47.567867" lon="10.007570">
        <ele>798.603948</ele>
        <time>2026-02-21T15:34:51.176Z</time>
      </trkpt>
      <trkpt lat="47.567878" lon="10.007570">
        <ele>798.546114</ele>
        <time>2026-02-21T15:34:52.278Z</time>
      </trkpt>
      <trkpt lat="47.567889" lon="10.007569">
        <ele>798.488171</ele>
        <time>2026-02-21T15:34:53.382Z</time>
      </trkpt>
      <trkpt lat="47.567898" lon="10.007569">
        <ele>798.440852</ele>
        <time>2026-02-21T15:34:54.284Z</time>
      </trkpt>
      <trkpt lat="47.567908" lon="10.007568">
        <ele>798.388155</ele>
        <time>2026-02-21T15:34:55.289Z</time>
      </trkpt>
      <trkpt lat="47.567917" lon="10.007567">
        <ele>798.340703</ele>
        <time>2026-02-21T15:34:56.193Z</time>
      </trkpt>
      <trkpt lat="47.567926" lon="10.007566">
        <ele>798.293252</ele>
        <time>2026-02-21T15:34:57.097Z</time>
      </trkpt>
      <trkpt lat="47.567932" lon="10.007568">
        <ele>798.260918</ele>
        <time>2026-02-21T15:34:57.714Z</time>
      </trkpt>
      <trkpt lat="47.567936" lon="10.007568">
        <ele>798.239887</ele>
        <time>2026-02-21T15:34:58.114Z</time>
      </trkpt>
      <trkpt lat="47.567940" lon="10.007569">
        <ele>798.218559</ele>
        <time>2026-02-21T15:34:58.521Z</time>
      </trkpt>
      <trkpt lat="47.567946" lon="10.007568">
        <ele>798.186814</ele>
        <time>2026-02-21T15:34:59.125Z</time>
      </trkpt>
      <trkpt lat="47.567951" lon="10.007566">
        <ele>798.159585</ele>
        <time>2026-02-21T15:34:59.644Z</time>
      </trkpt>
      <trkpt lat="47.567959" lon="10.007564">
        <ele>798.116929</ele>
        <time>2026-02-21T15:35:00.457Z</time>
      </trkpt>
      <trkpt lat="47.567967" lon="10.007562">
        <ele>798.074274</ele>
        <time>2026-02-21T15:35:01.270Z</time>
      </trkpt>
      <trkpt lat="47.567976" lon="10.007559">
        <ele>798.025773</ele>
        <time>2026-02-21T15:35:02.194Z</time>
      </trkpt>
      <trkpt lat="47.567986" lon="10.007556">
        <ele>797.972130</ele>
        <time>2026-02-21T15:35:03.217Z</time>
      </trkpt>
      <trkpt lat="47.567996" lon="10.007554">
        <ele>797.919076</ele>
        <time>2026-02-21T15:35:04.227Z</time>
      </trkpt>
      <trkpt lat="47.568006" lon="10.007551">
        <ele>797.865433</ele>
        <time>2026-02-21T15:35:05.250Z</time>
      </trkpt>
      <trkpt lat="47.568017" lon="10.007549">
        <ele>797.807165</ele>
        <time>2026-02-21T15:35:06.360Z</time>
      </trkpt>
      <trkpt lat="47.568028" lon="10.007548">
        <ele>797.749222</ele>
        <time>2026-02-21T15:35:07.465Z</time>
      </trkpt>
      <trkpt lat="47.568038" lon="10.007547">
        <ele>797.696526</ele>
        <time>2026-02-21T15:35:08.469Z</time>
      </trkpt>
      <trkpt lat="47.568048" lon="10.007546">
        <ele>797.643829</ele>
        <time>2026-02-21T15:35:09.473Z</time>
      </trkpt>
      <trkpt lat="47.568058" lon="10.007547">
        <ele>797.591133</ele>
        <time>2026-02-21T15:35:10.477Z</time>
      </trkpt>
      <trkpt lat="47.568069" lon="10.007548">
        <ele>797.533190</ele>
        <time>2026-02-21T15:35:11.582Z</time>
      </trkpt>
      <trkpt lat="47.568079" lon="10.007549">
        <ele>797.480494</ele>
        <time>2026-02-21T15:35:12.586Z</time>
      </trkpt>
      <trkpt lat="47.568089" lon="10.007550">
        <ele>797.427797</ele>
        <time>2026-02-21T15:35:13.591Z</time>
      </trkpt>
      <trkpt lat="47.568099" lon="10.007551">
        <ele>797.375101</ele>
        <time>2026-02-21T15:35:14.594Z</time>
      </trkpt>
      <trkpt lat="47.568109" lon="10.007551">
        <ele>797.322524</ele>
        <time>2026-02-21T15:35:15.596Z</time>
      </trkpt>
      <trkpt lat="47.568119" lon="10.007549">
        <ele>797.269471</ele>
        <time>2026-02-21T15:35:16.607Z</time>
      </trkpt>
      <trkpt lat="47.568130" lon="10.007547">
        <ele>797.211203</ele>
        <time>2026-02-21T15:35:17.718Z</time>
      </trkpt>
      <trkpt lat="47.568140" lon="10.007544">
        <ele>797.157560</ele>
        <time>2026-02-21T15:35:18.740Z</time>
      </trkpt>
      <trkpt lat="47.568150" lon="10.007542">
        <ele>797.104506</ele>
        <time>2026-02-21T15:35:19.751Z</time>
      </trkpt>
      <trkpt lat="47.568159" lon="10.007540">
        <ele>797.056658</ele>
        <time>2026-02-21T15:35:20.663Z</time>
      </trkpt>
      <trkpt lat="47.568169" lon="10.007538">
        <ele>797.003605</ele>
        <time>2026-02-21T15:35:21.674Z</time>
      </trkpt>
      <trkpt lat="47.568178" lon="10.007537">
        <ele>796.956153</ele>
        <time>2026-02-21T15:35:22.578Z</time>
      </trkpt>
      <trkpt lat="47.568188" lon="10.007537">
        <ele>796.903576</ele>
        <time>2026-02-21T15:35:23.580Z</time>
      </trkpt>
      <trkpt lat="47.568197" lon="10.007537">
        <ele>796.856257</ele>
        <time>2026-02-21T15:35:24.482Z</time>
      </trkpt>
      <trkpt lat="47.568207" lon="10.007537">
        <ele>796.803680</ele>
        <time>2026-02-21T15:35:25.484Z</time>
      </trkpt>
      <trkpt lat="47.568217" lon="10.007537">
        <ele>796.751104</ele>
        <time>2026-02-21T15:35:26.486Z</time>
      </trkpt>
      <trkpt lat="47.568227" lon="10.007538">
        <ele>796.698407</ele>
        <time>2026-02-21T15:35:27.491Z</time>
      </trkpt>
      <trkpt lat="47.568237" lon="10.007539">
        <ele>796.645711</ele>
        <time>2026-02-21T15:35:28.495Z</time>
      </trkpt>
      <trkpt lat="47.568247" lon="10.007540">
        <ele>796.593015</ele>
        <time>2026-02-21T15:35:29.499Z</time>
      </trkpt>
      <trkpt lat="47.568257" lon="10.007540">
        <ele>796.540438</ele>
        <time>2026-02-21T15:35:30.500Z</time>
      </trkpt>
      <trkpt lat="47.568267" lon="10.007540">
        <ele>796.487861</ele>
        <time>2026-02-21T15:35:31.502Z</time>
      </trkpt>
      <trkpt lat="47.568277" lon="10.007538">
        <ele>796.434808</ele>
        <time>2026-02-21T15:35:32.514Z</time>
      </trkpt>
      <trkpt lat="47.568286" lon="10.007537">
        <ele>796.387356</ele>
        <time>2026-02-21T15:35:33.418Z</time>
      </trkpt>
      <trkpt lat="47.568295" lon="10.007535">
        <ele>796.339508</ele>
        <time>2026-02-21T15:35:34.330Z</time>
      </trkpt>
      <trkpt lat="47.568304" lon="10.007533">
        <ele>796.291660</ele>
        <time>2026-02-21T15:35:35.241Z</time>
      </trkpt>
      <trkpt lat="47.568313" lon="10.007530">
        <ele>796.243159</ele>
        <time>2026-02-21T15:35:36.166Z</time>
      </trkpt>
      <trkpt lat="47.568322" lon="10.007528">
        <ele>796.195311</ele>
        <time>2026-02-21T15:35:37.078Z</time>
      </trkpt>
      <trkpt lat="47.568332" lon="10.007526">
        <ele>796.142257</ele>
        <time>2026-02-21T15:35:38.089Z</time>
      </trkpt>
      <trkpt lat="47.568342" lon="10.007525">
        <ele>796.089561</ele>
        <time>2026-02-21T15:35:39.093Z</time>
      </trkpt>
      <trkpt lat="47.568351" lon="10.007525">
        <ele>796.042242</ele>
        <time>2026-02-21T15:35:39.995Z</time>
      </trkpt>
      <trkpt lat="47.568362" lon="10.007526">
        <ele>795.984299</ele>
        <time>2026-02-21T15:35:41.099Z</time>
      </trkpt>
      <trkpt lat="47.568371" lon="10.007528">
        <ele>795.936451</ele>
        <time>2026-02-21T15:35:42.011Z</time>
      </trkpt>
      <trkpt lat="47.568382" lon="10.007529">
        <ele>795.878507</ele>
        <time>2026-02-21T15:35:43.115Z</time>
      </trkpt>
      <trkpt lat="47.568391" lon="10.007528">
        <ele>795.831056</ele>
        <time>2026-02-21T15:35:44.019Z</time>
      </trkpt>
      <trkpt lat="47.568401" lon="10.007528">
        <ele>795.778479</ele>
        <time>2026-02-21T15:35:45.021Z</time>
      </trkpt>
      <trkpt lat="47.568411" lon="10.007527">
        <ele>795.725782</ele>
        <time>2026-02-21T15:35:46.025Z</time>
      </trkpt>
      <trkpt lat="47.568421" lon="10.007526">
        <ele>795.673086</ele>
        <time>2026-02-21T15:35:47.029Z</time>
      </trkpt>
      <trkpt lat="47.568431" lon="10.007523">
        <ele>795.619443</ele>
        <time>2026-02-21T15:35:48.052Z</time>
      </trkpt>
      <trkpt lat="47.568442" lon="10.007521">
        <ele>795.561175</ele>
        <time>2026-02-21T15:35:49.162Z</time>
      </trkpt>
      <trkpt lat="47.568451" lon="10.007518">
        <ele>795.512674</ele>
        <time>2026-02-21T15:35:50.086Z</time>
      </trkpt>
      <trkpt lat="47.568461" lon="10.007515">
        <ele>795.459031</ele>
        <time>2026-02-21T15:35:51.109Z</time>
      </trkpt>
      <trkpt lat="47.568470" lon="10.007512">
        <ele>795.410530</ele>
        <time>2026-02-21T15:35:52.033Z</time>
      </trkpt>
      <trkpt lat="47.568479" lon="10.007510">
        <ele>795.362682</ele>
        <time>2026-02-21T15:35:52.945Z</time>
      </trkpt>
      <trkpt lat="47.568490" lon="10.007510">
        <ele>795.304847</ele>
        <time>2026-02-21T15:35:54.047Z</time>
      </trkpt>
      <trkpt lat="47.568500" lon="10.007510">
        <ele>795.252271</ele>
        <time>2026-02-21T15:35:55.049Z</time>
      </trkpt>
      <trkpt lat="47.568509" lon="10.007509">
        <ele>795.204819</ele>
        <time>2026-02-21T15:35:55.953Z</time>
      </trkpt>
      <trkpt lat="47.568519" lon="10.007509">
        <ele>795.152242</ele>
        <time>2026-02-21T15:35:56.956Z</time>
      </trkpt>
      <trkpt lat="47.568527" lon="10.007507">
        <ele>795.109586</ele>
        <time>2026-02-21T15:35:57.768Z</time>
      </trkpt>
      <trkpt lat="47.568536" lon="10.007506">
        <ele>795.062134</ele>
        <time>2026-02-21T15:35:58.672Z</time>
      </trkpt>
      <trkpt lat="47.568546" lon="10.007502">
        <ele>795.007676</ele>
        <time>2026-02-21T15:35:59.710Z</time>
      </trkpt>
      <trkpt lat="47.568556" lon="10.007500">
        <ele>794.954623</ele>
        <time>2026-02-21T15:36:00.720Z</time>
      </trkpt>
      <trkpt lat="47.568567" lon="10.007496">
        <ele>794.895073</ele>
        <time>2026-02-21T15:36:01.855Z</time>
      </trkpt>
      <trkpt lat="47.568579" lon="10.007493">
        <ele>794.831090</ele>
        <time>2026-02-21T15:36:03.075Z</time>
      </trkpt>
      <trkpt lat="47.568589" lon="10.007491">
        <ele>794.778037</ele>
        <time>2026-02-21T15:36:04.086Z</time>
      </trkpt>
      <trkpt lat="47.568600" lon="10.007488">
        <ele>794.719231</ele>
        <time>2026-02-21T15:36:05.206Z</time>
      </trkpt>
      <trkpt lat="47.568610" lon="10.007485">
        <ele>794.665588</ele>
        <time>2026-02-21T15:36:06.229Z</time>
      </trkpt>
      <trkpt lat="47.568620" lon="10.007483">
        <ele>794.612535</ele>
        <time>2026-02-21T15:36:07.240Z</time>
      </trkpt>
      <trkpt lat="47.568629" lon="10.007480">
        <ele>794.564034</ele>
        <time>2026-02-21T15:36:08.164Z</time>
      </trkpt>
      <trkpt lat="47.568638" lon="10.007477">
        <ele>794.515533</ele>
        <time>2026-02-21T15:36:09.088Z</time>
      </trkpt>
      <trkpt lat="47.568646" lon="10.007474">
        <ele>794.472146</ele>
        <time>2026-02-21T15:36:09.915Z</time>
      </trkpt>
      <trkpt lat="47.568654" lon="10.007471">
        <ele>794.428759</ele>
        <time>2026-02-21T15:36:10.741Z</time>
      </trkpt>
      <trkpt lat="47.568661" lon="10.007468">
        <ele>794.390447</ele>
        <time>2026-02-21T15:36:11.471Z</time>
      </trkpt>
      <trkpt lat="47.568669" lon="10.007465">
        <ele>794.347061</ele>
        <time>2026-02-21T15:36:12.299Z</time>
      </trkpt>
      <trkpt lat="47.568677" lon="10.007461">
        <ele>794.302670</ele>
        <time>2026-02-21T15:36:13.144Z</time>
      </trkpt>
      <trkpt lat="47.568686" lon="10.007457">
        <ele>794.253269</ele>
        <time>2026-02-21T15:36:14.086Z</time>
      </trkpt>
      <trkpt lat="47.568693" lon="10.007454">
        <ele>794.214958</ele>
        <time>2026-02-21T15:36:14.816Z</time>
      </trkpt>
      <trkpt lat="47.568701" lon="10.007450">
        <ele>794.170567</ele>
        <time>2026-02-21T15:36:15.661Z</time>
      </trkpt>
      <trkpt lat="47.568709" lon="10.007446">
        <ele>794.126177</ele>
        <time>2026-02-21T15:36:16.508Z</time>
      </trkpt>
      <trkpt lat="47.568717" lon="10.007442">
        <ele>794.081787</ele>
        <time>2026-02-21T15:36:17.353Z</time>
      </trkpt>
      <trkpt lat="47.568725" lon="10.007439">
        <ele>794.038400</ele>
        <time>2026-02-21T15:36:18.180Z</time>
      </trkpt>
      <trkpt lat="47.568733" lon="10.007435">
        <ele>793.994009</ele>
        <time>2026-02-21T15:36:19.026Z</time>
      </trkpt>
      <trkpt lat="47.568741" lon="10.007430">
        <ele>793.948361</ele>
        <time>2026-02-21T15:36:19.896Z</time>
      </trkpt>
      <trkpt lat="47.568749" lon="10.007426">
        <ele>793.903971</ele>
        <time>2026-02-21T15:36:20.742Z</time>
      </trkpt>
      <trkpt lat="47.568757" lon="10.007421">
        <ele>793.858323</ele>
        <time>2026-02-21T15:36:21.612Z</time>
      </trkpt>
      <trkpt lat="47.568765" lon="10.007416">
        <ele>793.812674</ele>
        <time>2026-02-21T15:36:22.482Z</time>
      </trkpt>
      <trkpt lat="47.568774" lon="10.007411">
        <ele>793.762140</ele>
        <time>2026-02-21T15:36:23.445Z</time>
      </trkpt>
      <trkpt lat="47.568783" lon="10.007405">
        <ele>793.710255</ele>
        <time>2026-02-21T15:36:24.433Z</time>
      </trkpt>
      <trkpt lat="47.568792" lon="10.007401">
        <ele>793.660854</ele>
        <time>2026-02-21T15:36:25.374Z</time>
      </trkpt>
      <trkpt lat="47.568801" lon="10.007396">
        <ele>793.610320</ele>
        <time>2026-02-21T15:36:26.337Z</time>
      </trkpt>
      <trkpt lat="47.568812" lon="10.007394">
        <ele>793.552052</ele>
        <time>2026-02-21T15:36:27.448Z</time>
      </trkpt>
      <trkpt lat="47.568823" lon="10.007391">
        <ele>793.493246</ele>
        <time>2026-02-21T15:36:28.568Z</time>
      </trkpt>
      <trkpt lat="47.568834" lon="10.007389">
        <ele>793.434978</ele>
        <time>2026-02-21T15:36:29.679Z</time>
      </trkpt>
      <trkpt lat="47.568845" lon="10.007387">
        <ele>793.376710</ele>
        <time>2026-02-21T15:36:30.789Z</time>
      </trkpt>
      <trkpt lat="47.568854" lon="10.007385">
        <ele>793.328862</ele>
        <time>2026-02-21T15:36:31.701Z</time>
      </trkpt>
      <trkpt lat="47.568864" lon="10.007382">
        <ele>793.275219</ele>
        <time>2026-02-21T15:36:32.722Z</time>
      </trkpt>
      <trkpt lat="47.568872" lon="10.007379">
        <ele>793.231832</ele>
        <time>2026-02-21T15:36:33.549Z</time>
      </trkpt>
      <trkpt lat="47.568880" lon="10.007376">
        <ele>793.193813</ele>
        <time>2026-02-21T15:36:34.376Z</time>
      </trkpt>
      <trkpt lat="47.568887" lon="10.007374">
        <ele>793.162973</ele>
        <time>2026-02-21T15:36:35.091Z</time>
      </trkpt>
      <trkpt lat="47.568895" lon="10.007372">
        <ele>793.127876</ele>
        <time>2026-02-21T15:36:35.903Z</time>
      </trkpt>
      <trkpt lat="47.568903" lon="10.007371">
        <ele>793.093144</ele>
        <time>2026-02-21T15:36:36.708Z</time>
      </trkpt>
      <trkpt lat="47.568910" lon="10.007371">
        <ele>793.062862</ele>
        <time>2026-02-21T15:36:37.409Z</time>
      </trkpt>
      <trkpt lat="47.568918" lon="10.007372">
        <ele>793.028130</ele>
        <time>2026-02-21T15:36:38.213Z</time>
      </trkpt>
      <trkpt lat="47.568925" lon="10.007373">
        <ele>792.997707</ele>
        <time>2026-02-21T15:36:38.918Z</time>
      </trkpt>
      <trkpt lat="47.568932" lon="10.007373">
        <ele>792.967425</ele>
        <time>2026-02-21T15:36:39.619Z</time>
      </trkpt>
      <trkpt lat="47.568939" lon="10.007374">
        <ele>792.937002</ele>
        <time>2026-02-21T15:36:40.323Z</time>
      </trkpt>
      <trkpt lat="47.568947" lon="10.007372">
        <ele>792.901904</ele>
        <time>2026-02-21T15:36:41.136Z</time>
      </trkpt>
      <trkpt lat="47.568955" lon="10.007369">
        <ele>792.866205</ele>
        <time>2026-02-21T15:36:41.963Z</time>
      </trkpt>
      <trkpt lat="47.568964" lon="10.007364">
        <ele>792.824625</ele>
        <time>2026-02-21T15:36:42.927Z</time>
      </trkpt>
      <trkpt lat="47.568973" lon="10.007359">
        <ele>792.783045</ele>
        <time>2026-02-21T15:36:43.889Z</time>
      </trkpt>
      <trkpt lat="47.568982" lon="10.007354">
        <ele>792.741465</ele>
        <time>2026-02-21T15:36:44.852Z</time>
      </trkpt>
      <trkpt lat="47.568991" lon="10.007349">
        <ele>792.699885</ele>
        <time>2026-02-21T15:36:45.815Z</time>
      </trkpt>
      <trkpt lat="47.569000" lon="10.007346">
        <ele>792.659978</ele>
        <time>2026-02-21T15:36:46.739Z</time>
      </trkpt>
      <trkpt lat="47.569010" lon="10.007343">
        <ele>792.615839</ele>
        <time>2026-02-21T15:36:47.760Z</time>
      </trkpt>
      <trkpt lat="47.569019" lon="10.007341">
        <ele>792.576469</ele>
        <time>2026-02-21T15:36:48.672Z</time>
      </trkpt>
      <trkpt lat="47.569029" lon="10.007338">
        <ele>792.532331</ele>
        <time>2026-02-21T15:36:49.694Z</time>
      </trkpt>
      <trkpt lat="47.569039" lon="10.007337">
        <ele>792.488972</ele>
        <time>2026-02-21T15:36:50.699Z</time>
      </trkpt>
      <trkpt lat="47.569050" lon="10.007335">
        <ele>792.441029</ele>
        <time>2026-02-21T15:36:51.809Z</time>
      </trkpt>
      <trkpt lat="47.569060" lon="10.007334">
        <ele>792.397669</ele>
        <time>2026-02-21T15:36:52.813Z</time>
      </trkpt>
      <trkpt lat="47.569071" lon="10.007333">
        <ele>792.349993</ele>
        <time>2026-02-21T15:36:53.917Z</time>
      </trkpt>
      <trkpt lat="47.569081" lon="10.007333">
        <ele>792.306732</ele>
        <time>2026-02-21T15:36:54.919Z</time>
      </trkpt>
      <trkpt lat="47.569092" lon="10.007333">
        <ele>792.259145</ele>
        <time>2026-02-21T15:36:56.021Z</time>
      </trkpt>
      <trkpt lat="47.569102" lon="10.007334">
        <ele>792.215786</ele>
        <time>2026-02-21T15:36:57.024Z</time>
      </trkpt>
      <trkpt lat="47.569112" lon="10.007335">
        <ele>792.172427</ele>
        <time>2026-02-21T15:36:58.029Z</time>
      </trkpt>
      <trkpt lat="47.569121" lon="10.007337">
        <ele>792.133057</ele>
        <time>2026-02-21T15:36:58.941Z</time>
      </trkpt>
      <trkpt lat="47.569131" lon="10.007339">
        <ele>792.089404</ele>
        <time>2026-02-21T15:36:59.951Z</time>
      </trkpt>
      <trkpt lat="47.569141" lon="10.007343">
        <ele>792.044595</ele>
        <time>2026-02-21T15:37:00.989Z</time>
      </trkpt>
      <trkpt lat="47.569151" lon="10.007347">
        <ele>791.999787</ele>
        <time>2026-02-21T15:37:02.026Z</time>
      </trkpt>
      <trkpt lat="47.569161" lon="10.007352">
        <ele>791.954131</ele>
        <time>2026-02-21T15:37:03.083Z</time>
      </trkpt>
      <trkpt lat="47.569171" lon="10.007358">
        <ele>791.907460</ele>
        <time>2026-02-21T15:37:04.164Z</time>
      </trkpt>
      <trkpt lat="47.569181" lon="10.007364">
        <ele>791.860788</ele>
        <time>2026-02-21T15:37:05.245Z</time>
      </trkpt>
      <trkpt lat="47.569191" lon="10.007371">
        <ele>791.812945</ele>
        <time>2026-02-21T15:37:06.353Z</time>
      </trkpt>
      <trkpt lat="47.569200" lon="10.007376">
        <ele>791.771365</ele>
        <time>2026-02-21T15:37:07.316Z</time>
      </trkpt>
      <trkpt lat="47.569210" lon="10.007382">
        <ele>791.724694</ele>
        <time>2026-02-21T15:37:08.397Z</time>
      </trkpt>
      <trkpt lat="47.569218" lon="10.007388">
        <ele>791.685907</ele>
        <time>2026-02-21T15:37:09.295Z</time>
      </trkpt>
      <trkpt lat="47.569227" lon="10.007394">
        <ele>791.643215</ele>
        <time>2026-02-21T15:37:10.283Z</time>
      </trkpt>
      <trkpt lat="47.569235" lon="10.007399">
        <ele>791.605655</ele>
        <time>2026-02-21T15:37:11.153Z</time>
      </trkpt>
      <trkpt lat="47.569243" lon="10.007405">
        <ele>791.566868</ele>
        <time>2026-02-21T15:37:12.051Z</time>
      </trkpt>
      <trkpt lat="47.569252" lon="10.007415">
        <ele>791.518207</ele>
        <time>2026-02-21T15:37:13.178Z</time>
      </trkpt>
      <trkpt lat="47.569257" lon="10.007424">
        <ele>791.484178</ele>
        <time>2026-02-21T15:37:13.966Z</time>
      </trkpt>
      <trkpt lat="47.569263" lon="10.007432">
        <ele>791.449264</ele>
        <time>2026-02-21T15:37:14.774Z</time>
      </trkpt>
      <trkpt lat="47.569266" lon="10.007443">
        <ele>791.414634</ele>
        <time>2026-02-21T15:37:15.576Z</time>
      </trkpt>
      <trkpt lat="47.569270" lon="10.007454">
        <ele>791.378161</ele>
        <time>2026-02-21T15:37:16.421Z</time>
      </trkpt>
      <trkpt lat="47.569273" lon="10.007468">
        <ele>791.335286</ele>
        <time>2026-02-21T15:37:17.413Z</time>
      </trkpt>
      <trkpt lat="47.569276" lon="10.007482">
        <ele>791.292411</ele>
        <time>2026-02-21T15:37:18.406Z</time>
      </trkpt>
      <trkpt lat="47.569280" lon="10.007497">
        <ele>791.245334</ele>
        <time>2026-02-21T15:37:19.496Z</time>
      </trkpt>
      <trkpt lat="47.569283" lon="10.007512">
        <ele>791.199669</ele>
        <time>2026-02-21T15:37:20.554Z</time>
      </trkpt>
      <trkpt lat="47.569287" lon="10.007527">
        <ele>791.152591</ele>
        <time>2026-02-21T15:37:21.643Z</time>
      </trkpt>
      <trkpt lat="47.569291" lon="10.007543">
        <ele>791.102787</ele>
        <time>2026-02-21T15:37:22.798Z</time>
      </trkpt>
      <trkpt lat="47.569295" lon="10.007557">
        <ele>791.058411</ele>
        <time>2026-02-21T15:37:23.825Z</time>
      </trkpt>
      <trkpt lat="47.569299" lon="10.007571">
        <ele>791.014035</ele>
        <time>2026-02-21T15:37:24.853Z</time>
      </trkpt>
      <trkpt lat="47.569305" lon="10.007583">
        <ele>790.970440</ele>
        <time>2026-02-21T15:37:25.862Z</time>
      </trkpt>
      <trkpt lat="47.569311" lon="10.007595">
        <ele>790.926845</ele>
        <time>2026-02-21T15:37:26.871Z</time>
      </trkpt>
      <trkpt lat="47.569316" lon="10.007606">
        <ele>790.888132</ele>
        <time>2026-02-21T15:37:27.768Z</time>
      </trkpt>
      <trkpt lat="47.569322" lon="10.007617">
        <ele>790.846845</ele>
        <time>2026-02-21T15:37:28.724Z</time>
      </trkpt>
      <trkpt lat="47.569326" lon="10.007629">
        <ele>790.807778</ele>
        <time>2026-02-21T15:37:29.628Z</time>
      </trkpt>
      <trkpt lat="47.569329" lon="10.007641">
        <ele>790.770425</ele>
        <time>2026-02-21T15:37:30.493Z</time>
      </trkpt>
      <trkpt lat="47.569334" lon="10.007657">
        <ele>790.718958</ele>
        <time>2026-02-21T15:37:31.685Z</time>
      </trkpt>
      <trkpt lat="47.569338" lon="10.007668">
        <ele>790.682485</ele>
        <time>2026-02-21T15:37:32.529Z</time>
      </trkpt>
      <trkpt lat="47.569341" lon="10.007679">
        <ele>790.647855</ele>
        <time>2026-02-21T15:37:33.331Z</time>
      </trkpt>
      <trkpt lat="47.569346" lon="10.007689">
        <ele>790.611526</ele>
        <time>2026-02-21T15:37:34.172Z</time>
      </trkpt>
      <trkpt lat="47.569350" lon="10.007699">
        <ele>790.577594</ele>
        <time>2026-02-21T15:37:34.958Z</time>
      </trkpt>
      <trkpt lat="47.569357" lon="10.007709">
        <ele>790.535535</ele>
        <time>2026-02-21T15:37:35.932Z</time>
      </trkpt>
      <trkpt lat="47.569364" lon="10.007720">
        <ele>790.491400</ele>
        <time>2026-02-21T15:37:36.953Z</time>
      </trkpt>
      <trkpt lat="47.569372" lon="10.007730">
        <ele>790.446126</ele>
        <time>2026-02-21T15:37:38.002Z</time>
      </trkpt>
      <trkpt lat="47.569379" lon="10.007740">
        <ele>790.404067</ele>
        <time>2026-02-21T15:37:38.976Z</time>
      </trkpt>
      <trkpt lat="47.569387" lon="10.007751">
        <ele>790.356859</ele>
        <time>2026-02-21T15:37:40.069Z</time>
      </trkpt>
      <trkpt lat="47.569395" lon="10.007762">
        <ele>790.309651</ele>
        <time>2026-02-21T15:37:41.162Z</time>
      </trkpt>
      <trkpt lat="47.569401" lon="10.007774">
        <ele>790.266056</ele>
        <time>2026-02-21T15:37:42.172Z</time>
      </trkpt>
      <trkpt lat="47.569408" lon="10.007786">
        <ele>790.219754</ele>
        <time>2026-02-21T15:37:43.243Z</time>
      </trkpt>
      <trkpt lat="47.569413" lon="10.007798">
        <ele>790.178588</ele>
        <time>2026-02-21T15:37:44.197Z</time>
      </trkpt>
      <trkpt lat="47.569418" lon="10.007811">
        <ele>790.134912</ele>
        <time>2026-02-21T15:37:45.208Z</time>
      </trkpt>
      <trkpt lat="47.569422" lon="10.007824">
        <ele>790.093208</ele>
        <time>2026-02-21T15:37:46.174Z</time>
      </trkpt>
      <trkpt lat="47.569426" lon="10.007838">
        <ele>790.048832</ele>
        <time>2026-02-21T15:37:47.201Z</time>
      </trkpt>
      <trkpt lat="47.569430" lon="10.007852">
        <ele>790.004456</ele>
        <time>2026-02-21T15:37:48.229Z</time>
      </trkpt>
      <trkpt lat="47.569434" lon="10.007866">
        <ele>789.960080</ele>
        <time>2026-02-21T15:37:49.256Z</time>
      </trkpt>
      <trkpt lat="47.569439" lon="10.007879">
        <ele>789.916403</ele>
        <time>2026-02-21T15:37:50.267Z</time>
      </trkpt>
      <trkpt lat="47.569443" lon="10.007893">
        <ele>789.872027</ele>
        <time>2026-02-21T15:37:51.295Z</time>
      </trkpt>
      <trkpt lat="47.569448" lon="10.007906">
        <ele>789.828351</ele>
        <time>2026-02-21T15:37:52.305Z</time>
      </trkpt>
      <trkpt lat="47.569452" lon="10.007920">
        <ele>789.783974</ele>
        <time>2026-02-21T15:37:53.334Z</time>
      </trkpt>
      <trkpt lat="47.569456" lon="10.007933">
        <ele>789.742271</ele>
        <time>2026-02-21T15:37:54.299Z</time>
      </trkpt>
      <trkpt lat="47.569460" lon="10.007946">
        <ele>789.700567</ele>
        <time>2026-02-21T15:37:55.265Z</time>
      </trkpt>
      <trkpt lat="47.569465" lon="10.007958">
        <ele>789.659401</ele>
        <time>2026-02-21T15:37:56.218Z</time>
      </trkpt>
      <trkpt lat="47.569469" lon="10.007970">
        <ele>789.620334</ele>
        <time>2026-02-21T15:37:57.122Z</time>
      </trkpt>
      <trkpt lat="47.569474" lon="10.007980">
        <ele>789.584005</ele>
        <time>2026-02-21T15:37:57.963Z</time>
      </trkpt>
      <trkpt lat="47.569480" lon="10.007990">
        <ele>789.544945</ele>
        <time>2026-02-21T15:37:58.868Z</time>
      </trkpt>
      <trkpt lat="47.569486" lon="10.007998">
        <ele>789.510031</ele>
        <time>2026-02-21T15:37:59.676Z</time>
      </trkpt>
      <trkpt lat="47.569492" lon="10.008007">
        <ele>789.473101</ele>
        <time>2026-02-21T15:38:00.531Z</time>
      </trkpt>
      <trkpt lat="47.569497" lon="10.008017">
        <ele>789.436772</ele>
        <time>2026-02-21T15:38:01.372Z</time>
      </trkpt>
      <trkpt lat="47.569503" lon="10.008026">
        <ele>789.399842</ele>
        <time>2026-02-21T15:38:02.227Z</time>
      </trkpt>
      <trkpt lat="47.569509" lon="10.008035">
        <ele>789.362913</ele>
        <time>2026-02-21T15:38:03.082Z</time>
      </trkpt>
      <trkpt lat="47.569515" lon="10.008045">
        <ele>789.323853</ele>
        <time>2026-02-21T15:38:03.986Z</time>
      </trkpt>
      <trkpt lat="47.569522" lon="10.008054">
        <ele>789.283764</ele>
        <time>2026-02-21T15:38:04.914Z</time>
      </trkpt>
      <trkpt lat="47.569528" lon="10.008063">
        <ele>789.246834</ele>
        <time>2026-02-21T15:38:05.770Z</time>
      </trkpt>
      <trkpt lat="47.569535" lon="10.008072">
        <ele>789.206746</ele>
        <time>2026-02-21T15:38:06.698Z</time>
      </trkpt>
      <trkpt lat="47.569541" lon="10.008081">
        <ele>789.169816</ele>
        <time>2026-02-21T15:38:07.552Z</time>
      </trkpt>
      <trkpt lat="47.569548" lon="10.008090">
        <ele>789.129727</ele>
        <time>2026-02-21T15:38:08.481Z</time>
      </trkpt>
      <trkpt lat="47.569556" lon="10.008100">
        <ele>789.084454</ele>
        <time>2026-02-21T15:38:09.529Z</time>
      </trkpt>
      <trkpt lat="47.569563" lon="10.008111">
        <ele>789.040319</ele>
        <time>2026-02-21T15:38:10.551Z</time>
      </trkpt>
      <trkpt lat="47.569571" lon="10.008121">
        <ele>788.995046</ele>
        <time>2026-02-21T15:38:11.599Z</time>
      </trkpt>
      <trkpt lat="47.569578" lon="10.008131">
        <ele>788.952987</ele>
        <time>2026-02-21T15:38:12.573Z</time>
      </trkpt>
      <trkpt lat="47.569586" lon="10.008142">
        <ele>788.905779</ele>
        <time>2026-02-21T15:38:13.666Z</time>
      </trkpt>
      <trkpt lat="47.569592" lon="10.008153">
        <ele>788.864492</ele>
        <time>2026-02-21T15:38:14.622Z</time>
      </trkpt>
      <trkpt lat="47.569599" lon="10.008165">
        <ele>788.818191</ele>
        <time>2026-02-21T15:38:15.693Z</time>
      </trkpt>
      <trkpt lat="47.569606" lon="10.008176">
        <ele>788.774056</ele>
        <time>2026-02-21T15:38:16.715Z</time>
      </trkpt>
      <trkpt lat="47.569612" lon="10.008188">
        <ele>788.730461</ele>
        <time>2026-02-21T15:38:17.725Z</time>
      </trkpt>
      <trkpt lat="47.569619" lon="10.008199">
        <ele>788.686327</ele>
        <time>2026-02-21T15:38:18.746Z</time>
      </trkpt>
      <trkpt lat="47.569627" lon="10.008210">
        <ele>788.639119</ele>
        <time>2026-02-21T15:38:19.839Z</time>
      </trkpt>
      <trkpt lat="47.569634" lon="10.008222">
        <ele>788.592817</ele>
        <time>2026-02-21T15:38:20.911Z</time>
      </trkpt>
      <trkpt lat="47.569641" lon="10.008234">
        <ele>788.546516</ele>
        <time>2026-02-21T15:38:21.983Z</time>
      </trkpt>
      <trkpt lat="47.569649" lon="10.008246">
        <ele>788.497276</ele>
        <time>2026-02-21T15:38:23.123Z</time>
      </trkpt>
      <trkpt lat="47.569657" lon="10.008258">
        <ele>788.448037</ele>
        <time>2026-02-21T15:38:24.263Z</time>
      </trkpt>
      <trkpt lat="47.569665" lon="10.008268">
        <ele>788.402763</ele>
        <time>2026-02-21T15:38:25.311Z</time>
      </trkpt>
      <trkpt lat="47.569674" lon="10.008279">
        <ele>788.352298</ele>
        <time>2026-02-21T15:38:26.480Z</time>
      </trkpt>
      <trkpt lat="47.569683" lon="10.008290">
        <ele>788.301833</ele>
        <time>2026-02-21T15:38:27.648Z</time>
      </trkpt>
      <trkpt lat="47.569692" lon="10.008300">
        <ele>788.253172</ele>
        <time>2026-02-21T15:38:28.774Z</time>
      </trkpt>
      <trkpt lat="47.569700" lon="10.008310">
        <ele>788.207899</ele>
        <time>2026-02-21T15:38:29.822Z</time>
      </trkpt>
      <trkpt lat="47.569708" lon="10.008321">
        <ele>788.160691</ele>
        <time>2026-02-21T15:38:30.915Z</time>
      </trkpt>
      <trkpt lat="47.569715" lon="10.008333">
        <ele>788.114390</ele>
        <time>2026-02-21T15:38:31.987Z</time>
      </trkpt>
      <trkpt lat="47.569722" lon="10.008345">
        <ele>788.068088</ele>
        <time>2026-02-21T15:38:33.059Z</time>
      </trkpt>
      <trkpt lat="47.569729" lon="10.008358">
        <ele>788.019542</ele>
        <time>2026-02-21T15:38:34.183Z</time>
      </trkpt>
      <trkpt lat="47.569736" lon="10.008371">
        <ele>787.970995</ele>
        <time>2026-02-21T15:38:35.306Z</time>
      </trkpt>
      <trkpt lat="47.569743" lon="10.008384">
        <ele>787.922448</ele>
        <time>2026-02-21T15:38:36.430Z</time>
      </trkpt>
      <trkpt lat="47.569750" lon="10.008397">
        <ele>787.873901</ele>
        <time>2026-02-21T15:38:37.554Z</time>
      </trkpt>
      <trkpt lat="47.569755" lon="10.008410">
        <ele>787.830225</ele>
        <time>2026-02-21T15:38:38.565Z</time>
      </trkpt>
      <trkpt lat="47.569761" lon="10.008424">
        <ele>787.781815</ele>
        <time>2026-02-21T15:38:39.686Z</time>
      </trkpt>
      <trkpt lat="47.569766" lon="10.008438">
        <ele>787.735581</ele>
        <time>2026-02-21T15:38:40.756Z</time>
      </trkpt>
      <trkpt lat="47.569771" lon="10.008452">
        <ele>787.689346</ele>
        <time>2026-02-21T15:38:41.826Z</time>
      </trkpt>
      <trkpt lat="47.569776" lon="10.008466">
        <ele>787.643111</ele>
        <time>2026-02-21T15:38:42.897Z</time>
      </trkpt>
      <trkpt lat="47.569781" lon="10.008481">
        <ele>787.594278</ele>
        <time>2026-02-21T15:38:44.027Z</time>
      </trkpt>
      <trkpt lat="47.569787" lon="10.008494">
        <ele>787.548305</ele>
        <time>2026-02-21T15:38:45.091Z</time>
      </trkpt>
      <trkpt lat="47.569792" lon="10.008508">
        <ele>787.502070</ele>
        <time>2026-02-21T15:38:46.161Z</time>
      </trkpt>
      <trkpt lat="47.569798" lon="10.008520">
        <ele>787.458476</ele>
        <time>2026-02-21T15:38:47.170Z</time>
      </trkpt>
      <trkpt lat="47.569803" lon="10.008533">
        <ele>787.414799</ele>
        <time>2026-02-21T15:38:48.182Z</time>
      </trkpt>
      <trkpt lat="47.569814" lon="10.008554">
        <ele>787.337201</ele>
        <time>2026-02-21T15:38:49.978Z</time>
      </trkpt>
      <trkpt lat="47.569815" lon="10.008561">
        <ele>787.316317</ele>
        <time>2026-02-21T15:38:50.461Z</time>
      </trkpt>
      <trkpt lat="47.569817" lon="10.008568">
        <ele>787.294129</ele>
        <time>2026-02-21T15:38:50.975Z</time>
      </trkpt>
      <trkpt lat="47.569816" lon="10.008577">
        <ele>787.267506</ele>
        <time>2026-02-21T15:38:51.591Z</time>
      </trkpt>
      <trkpt lat="47.569816" lon="10.008585">
        <ele>787.244156</ele>
        <time>2026-02-21T15:38:52.132Z</time>
      </trkpt>
      <trkpt lat="47.569813" lon="10.008596">
        <ele>787.209526</ele>
        <time>2026-02-21T15:38:52.933Z</time>
      </trkpt>
      <trkpt lat="47.569811" lon="10.008607">
        <ele>787.176274</ele>
        <time>2026-02-21T15:38:53.703Z</time>
      </trkpt>
      <trkpt lat="47.569809" lon="10.008619">
        <ele>787.140196</ele>
        <time>2026-02-21T15:38:54.539Z</time>
      </trkpt>
      <trkpt lat="47.569807" lon="10.008631">
        <ele>787.104118</ele>
        <time>2026-02-21T15:38:55.374Z</time>
      </trkpt>
      <trkpt lat="47.569804" lon="10.008643">
        <ele>787.066765</ele>
        <time>2026-02-21T15:38:56.239Z</time>
      </trkpt>
      <trkpt lat="47.569801" lon="10.008655">
        <ele>787.029413</ele>
        <time>2026-02-21T15:38:57.103Z</time>
      </trkpt>
      <trkpt lat="47.569797" lon="10.008666">
        <ele>786.992940</ele>
        <time>2026-02-21T15:38:57.947Z</time>
      </trkpt>
      <trkpt lat="47.569792" lon="10.008676">
        <ele>786.956611</ele>
        <time>2026-02-21T15:38:58.789Z</time>
      </trkpt>
      <trkpt lat="47.569786" lon="10.008685">
        <ele>786.919681</ele>
        <time>2026-02-21T15:38:59.643Z</time>
      </trkpt>
      <trkpt lat="47.569779" lon="10.008694">
        <ele>786.879593</ele>
        <time>2026-02-21T15:39:00.571Z</time>
      </trkpt>
      <trkpt lat="47.569773" lon="10.008701">
        <ele>786.846560</ele>
        <time>2026-02-21T15:39:01.336Z</time>
      </trkpt>
      <trkpt lat="47.569766" lon="10.008707">
        <ele>786.811578</ele>
        <time>2026-02-21T15:39:02.146Z</time>
      </trkpt>
      <trkpt lat="47.569762" lon="10.008711">
        <ele>786.790703</ele>
        <time>2026-02-21T15:39:02.629Z</time>
      </trkpt>
      <trkpt lat="47.569758" lon="10.008714">
        <ele>786.771310</ele>
        <time>2026-02-21T15:39:03.078Z</time>
      </trkpt>
      <trkpt lat="47.569756" lon="10.008715">
        <ele>786.762178</ele>
        <time>2026-02-21T15:39:03.289Z</time>
      </trkpt>
      <trkpt lat="47.569757" lon="10.008716">
        <ele>786.756960</ele>
        <time>2026-02-21T15:39:03.410Z</time>
      </trkpt>
      <trkpt lat="47.569760" lon="10.008715">
        <ele>786.743657</ele>
        <time>2026-02-21T15:39:03.718Z</time>
      </trkpt>
      <trkpt lat="47.569763" lon="10.008714">
        <ele>786.730355</ele>
        <time>2026-02-21T15:39:04.026Z</time>
      </trkpt>
      <trkpt lat="47.569769" lon="10.008712">
        <ele>786.703750</ele>
        <time>2026-02-21T15:39:04.642Z</time>
      </trkpt>
      <trkpt lat="47.569774" lon="10.008709">
        <ele>786.680415</ele>
        <time>2026-02-21T15:39:05.182Z</time>
      </trkpt>
      <trkpt lat="47.569781" lon="10.008705">
        <ele>786.647959</ele>
        <time>2026-02-21T15:39:05.933Z</time>
      </trkpt>
      <trkpt lat="47.569787" lon="10.008702">
        <ele>786.620566</ele>
        <time>2026-02-21T15:39:06.567Z</time>
      </trkpt>
      <trkpt lat="47.569793" lon="10.008698">
        <ele>786.592104</ele>
        <time>2026-02-21T15:39:07.226Z</time>
      </trkpt>
      <trkpt lat="47.569799" lon="10.008693">
        <ele>786.562327</ele>
        <time>2026-02-21T15:39:07.915Z</time>
      </trkpt>
      <trkpt lat="47.569804" lon="10.008690">
        <ele>786.538991</ele>
        <time>2026-02-21T15:39:08.455Z</time>
      </trkpt>
      <trkpt lat="47.569810" lon="10.008686">
        <ele>786.510530</ele>
        <time>2026-02-21T15:39:09.114Z</time>
      </trkpt>
      <trkpt lat="47.569815" lon="10.008684">
        <ele>786.488125</ele>
        <time>2026-02-21T15:39:09.633Z</time>
      </trkpt>
      <trkpt lat="47.569821" lon="10.008681">
        <ele>786.460732</ele>
        <time>2026-02-21T15:39:10.267Z</time>
      </trkpt>
      <trkpt lat="47.569828" lon="10.008680">
        <ele>786.430309</ele>
        <time>2026-02-21T15:39:10.971Z</time>
      </trkpt>
      <trkpt lat="47.569835" lon="10.008678">
        <ele>786.399469</ele>
        <time>2026-02-21T15:39:11.685Z</time>
      </trkpt>
      <trkpt lat="47.569842" lon="10.008677">
        <ele>786.369046</ele>
        <time>2026-02-21T15:39:12.389Z</time>
      </trkpt>
      <trkpt lat="47.569848" lon="10.008677">
        <ele>786.343089</ele>
        <time>2026-02-21T15:39:12.990Z</time>
      </trkpt>
      <trkpt lat="47.569856" lon="10.008677">
        <ele>786.308481</ele>
        <time>2026-02-21T15:39:13.791Z</time>
      </trkpt>
      <trkpt lat="47.569863" lon="10.008677">
        <ele>786.278198</ele>
        <time>2026-02-21T15:39:14.492Z</time>
      </trkpt>
      <trkpt lat="47.569870" lon="10.008678">
        <ele>786.247775</ele>
        <time>2026-02-21T15:39:15.196Z</time>
      </trkpt>
      <trkpt lat="47.569877" lon="10.008679">
        <ele>786.217352</ele>
        <time>2026-02-21T15:39:15.900Z</time>
      </trkpt>
      <trkpt lat="47.569884" lon="10.008679">
        <ele>786.187070</ele>
        <time>2026-02-21T15:39:16.601Z</time>
      </trkpt>
      <trkpt lat="47.569890" lon="10.008681">
        <ele>786.160465</ele>
        <time>2026-02-21T15:39:17.217Z</time>
      </trkpt>
      <trkpt lat="47.569897" lon="10.008683">
        <ele>786.129625</ele>
        <time>2026-02-21T15:39:17.931Z</time>
      </trkpt>
      <trkpt lat="47.569905" lon="10.008685">
        <ele>786.094527</ele>
        <time>2026-02-21T15:39:18.743Z</time>
      </trkpt>
      <trkpt lat="47.569912" lon="10.008690">
        <ele>786.060912</ele>
        <time>2026-02-21T15:39:19.521Z</time>
      </trkpt>
      <trkpt lat="47.569917" lon="10.008693">
        <ele>786.037576</ele>
        <time>2026-02-21T15:39:20.061Z</time>
      </trkpt>
      <trkpt lat="47.569922" lon="10.008695">
        <ele>786.015172</ele>
        <time>2026-02-21T15:39:20.580Z</time>
      </trkpt>
      <trkpt lat="47.569928" lon="10.008699">
        <ele>785.986710</ele>
        <time>2026-02-21T15:39:21.239Z</time>
      </trkpt>
      <trkpt lat="47.569934" lon="10.008703">
        <ele>785.958249</ele>
        <time>2026-02-21T15:39:21.897Z</time>
      </trkpt>
      <trkpt lat="47.569942" lon="10.008711">
        <ele>785.916500</ele>
        <time>2026-02-21T15:39:22.864Z</time>
      </trkpt>
      <trkpt lat="47.569950" lon="10.008718">
        <ele>785.876310</ele>
        <time>2026-02-21T15:39:23.794Z</time>
      </trkpt>
      <trkpt lat="47.569957" lon="10.008729">
        <ele>785.832176</ele>
        <time>2026-02-21T15:39:24.815Z</time>
      </trkpt>
      <trkpt lat="47.569964" lon="10.008739">
        <ele>785.790117</ele>
        <time>2026-02-21T15:39:25.789Z</time>
      </trkpt>
      <trkpt lat="47.569968" lon="10.008751">
        <ele>785.751050</ele>
        <time>2026-02-21T15:39:26.693Z</time>
      </trkpt>
      <trkpt lat="47.569972" lon="10.008763">
        <ele>785.711984</ele>
        <time>2026-02-21T15:39:27.597Z</time>
      </trkpt>
      <trkpt lat="47.569975" lon="10.008776">
        <ele>785.671882</ele>
        <time>2026-02-21T15:39:28.526Z</time>
      </trkpt>
      <trkpt lat="47.569978" lon="10.008790">
        <ele>785.629008</ele>
        <time>2026-02-21T15:39:29.518Z</time>
      </trkpt>
      <trkpt lat="47.569982" lon="10.008804">
        <ele>785.584632</ele>
        <time>2026-02-21T15:39:30.545Z</time>
      </trkpt>
      <trkpt lat="47.569985" lon="10.008819">
        <ele>785.538967</ele>
        <time>2026-02-21T15:39:31.602Z</time>
      </trkpt>
      <trkpt lat="47.569988" lon="10.008834">
        <ele>785.493303</ele>
        <time>2026-02-21T15:39:32.659Z</time>
      </trkpt>
      <trkpt lat="47.569991" lon="10.008849">
        <ele>785.447638</ele>
        <time>2026-02-21T15:39:33.716Z</time>
      </trkpt>
      <trkpt lat="47.569992" lon="10.008864">
        <ele>785.418310</ele>
        <time>2026-02-21T15:39:34.734Z</time>
      </trkpt>
      <trkpt lat="47.569994" lon="10.008879">
        <ele>785.392922</ele>
        <time>2026-02-21T15:39:35.767Z</time>
      </trkpt>
      <trkpt lat="47.569993" lon="10.008890">
        <ele>785.374493</ele>
        <time>2026-02-21T15:39:36.516Z</time>
      </trkpt>
      <trkpt lat="47.569993" lon="10.008901">
        <ele>785.356228</ele>
        <time>2026-02-21T15:39:37.260Z</time>
      </trkpt>
      <trkpt lat="47.569993" lon="10.008911">
        <ele>785.339624</ele>
        <time>2026-02-21T15:39:37.935Z</time>
      </trkpt>
      <trkpt lat="47.569992" lon="10.008925">
        <ele>785.316248</ele>
        <time>2026-02-21T15:39:38.886Z</time>
      </trkpt>
      <trkpt lat="47.569992" lon="10.008939">
        <ele>785.293002</ele>
        <time>2026-02-21T15:39:39.832Z</time>
      </trkpt>
      <trkpt lat="47.569991" lon="10.008951">
        <ele>785.272926</ele>
        <time>2026-02-21T15:39:40.649Z</time>
      </trkpt>
      <trkpt lat="47.569991" lon="10.008963">
        <ele>785.253001</ele>
        <time>2026-02-21T15:39:41.459Z</time>
      </trkpt>
      <trkpt lat="47.569993" lon="10.008976">
        <ele>785.230861</ele>
        <time>2026-02-21T15:39:42.360Z</time>
      </trkpt>
      <trkpt lat="47.569996" lon="10.008986">
        <ele>785.212689</ele>
        <time>2026-02-21T15:39:43.100Z</time>
      </trkpt>
      <trkpt lat="47.570000" lon="10.008996">
        <ele>785.193387</ele>
        <time>2026-02-21T15:39:43.885Z</time>
      </trkpt>
      <trkpt lat="47.570003" lon="10.009007">
        <ele>785.173686</ele>
        <time>2026-02-21T15:39:44.687Z</time>
      </trkpt>
      <trkpt lat="47.570007" lon="10.009017">
        <ele>785.154383</ele>
        <time>2026-02-21T15:39:45.472Z</time>
      </trkpt>
      <trkpt lat="47.570012" lon="10.009025">
        <ele>785.136276</ele>
        <time>2026-02-21T15:39:46.208Z</time>
      </trkpt>
      <trkpt lat="47.570017" lon="10.009034">
        <ele>785.116918</ele>
        <time>2026-02-21T15:39:46.996Z</time>
      </trkpt>
      <trkpt lat="47.570020" lon="10.009040">
        <ele>785.104518</ele>
        <time>2026-02-21T15:39:47.500Z</time>
      </trkpt>
      <trkpt lat="47.570022" lon="10.009045">
        <ele>785.094867</ele>
        <time>2026-02-21T15:39:47.893Z</time>
      </trkpt>
      <trkpt lat="47.570027" lon="10.009056">
        <ele>785.072844</ele>
        <time>2026-02-21T15:39:48.789Z</time>
      </trkpt>
      <trkpt lat="47.570032" lon="10.009068">
        <ele>785.049425</ele>
        <time>2026-02-21T15:39:49.742Z</time>
      </trkpt>
      <trkpt lat="47.570038" lon="10.009077">
        <ele>785.028417</ele>
        <time>2026-02-21T15:39:50.597Z</time>
      </trkpt>
      <trkpt lat="47.570044" lon="10.009086">
        <ele>785.007409</ele>
        <time>2026-02-21T15:39:51.451Z</time>
      </trkpt>
      <trkpt lat="47.570052" lon="10.009090">
        <ele>784.986630</ele>
        <time>2026-02-21T15:39:52.297Z</time>
      </trkpt>
      <trkpt lat="47.570061" lon="10.009094">
        <ele>784.963507</ele>
        <time>2026-02-21T15:39:53.237Z</time>
      </trkpt>
      <trkpt lat="47.570069" lon="10.009096">
        <ele>784.943541</ele>
        <time>2026-02-21T15:39:54.049Z</time>
      </trkpt>
      <trkpt lat="47.570077" lon="10.009098">
        <ele>784.923574</ele>
        <time>2026-02-21T15:39:54.862Z</time>
      </trkpt>
      <trkpt lat="47.570085" lon="10.009100">
        <ele>784.903608</ele>
        <time>2026-02-21T15:39:55.674Z</time>
      </trkpt>
      <trkpt lat="47.570093" lon="10.009103">
        <ele>784.883300</ele>
        <time>2026-02-21T15:39:56.500Z</time>
      </trkpt>
      <trkpt lat="47.570102" lon="10.009107">
        <ele>784.860176</ele>
        <time>2026-02-21T15:39:57.441Z</time>
      </trkpt>
      <trkpt lat="47.570109" lon="10.009110">
        <ele>784.842243</ele>
        <time>2026-02-21T15:39:58.171Z</time>
      </trkpt>
      <trkpt lat="47.570115" lon="10.009114">
        <ele>784.826052</ele>
        <time>2026-02-21T15:39:58.829Z</time>
      </trkpt>
      <trkpt lat="47.570120" lon="10.009120">
        <ele>784.810220</ele>
        <time>2026-02-21T15:39:59.474Z</time>
      </trkpt>
      <trkpt lat="47.570126" lon="10.009126">
        <ele>784.792407</ele>
        <time>2026-02-21T15:40:00.198Z</time>
      </trkpt>
      <trkpt lat="47.570129" lon="10.009130">
        <ele>784.782477</ele>
        <time>2026-02-21T15:40:00.602Z</time>
      </trkpt>
      <trkpt lat="47.570132" lon="10.009134">
        <ele>784.772546</ele>
        <time>2026-02-21T15:40:01.006Z</time>
      </trkpt>
      <trkpt lat="47.570138" lon="10.009141">
        <ele>784.753754</ele>
        <time>2026-02-21T15:40:01.771Z</time>
      </trkpt>
      <trkpt lat="47.570143" lon="10.009148">
        <ele>784.736828</ele>
        <time>2026-02-21T15:40:02.459Z</time>
      </trkpt>
      <trkpt lat="47.570149" lon="10.009154">
        <ele>784.719015</ele>
        <time>2026-02-21T15:40:03.184Z</time>
      </trkpt>
      <trkpt lat="47.570155" lon="10.009160">
        <ele>784.701202</ele>
        <time>2026-02-21T15:40:03.909Z</time>
      </trkpt>
      <trkpt lat="47.570162" lon="10.009164">
        <ele>784.682739</ele>
        <time>2026-02-21T15:40:04.660Z</time>
      </trkpt>
      <trkpt lat="47.570169" lon="10.009168">
        <ele>784.664276</ele>
        <time>2026-02-21T15:40:05.411Z</time>
      </trkpt>
      <trkpt lat="47.570175" lon="10.009170">
        <ele>784.649141</ele>
        <time>2026-02-21T15:40:06.027Z</time>
      </trkpt>
      <trkpt lat="47.570181" lon="10.009172">
        <ele>784.634006</ele>
        <time>2026-02-21T15:40:06.642Z</time>
      </trkpt>
      <trkpt lat="47.570187" lon="10.009174">
        <ele>784.618872</ele>
        <time>2026-02-21T15:40:07.258Z</time>
      </trkpt>
      <trkpt lat="47.570194" lon="10.009176">
        <ele>784.601327</ele>
        <time>2026-02-21T15:40:07.972Z</time>
      </trkpt>
      <trkpt lat="47.570202" lon="10.009179">
        <ele>784.581019</ele>
        <time>2026-02-21T15:40:08.798Z</time>
      </trkpt>
      <trkpt lat="47.570209" lon="10.009181">
        <ele>784.563475</ele>
        <time>2026-02-21T15:40:09.511Z</time>
      </trkpt>
      <trkpt lat="47.570215" lon="10.009184">
        <ele>784.547891</ele>
        <time>2026-02-21T15:40:10.145Z</time>
      </trkpt>
      <trkpt lat="47.570222" lon="10.009189">
        <ele>784.528768</ele>
        <time>2026-02-21T15:40:10.923Z</time>
      </trkpt>
      <trkpt lat="47.570229" lon="10.009194">
        <ele>784.509644</ele>
        <time>2026-02-21T15:40:11.701Z</time>
      </trkpt>
      <trkpt lat="47.570235" lon="10.009201">
        <ele>784.490853</ele>
        <time>2026-02-21T15:40:12.466Z</time>
      </trkpt>
      <trkpt lat="47.570241" lon="10.009208">
        <ele>784.472061</ele>
        <time>2026-02-21T15:40:13.230Z</time>
      </trkpt>
      <trkpt lat="47.570246" lon="10.009216">
        <ele>784.453954</ele>
        <time>2026-02-21T15:40:13.967Z</time>
      </trkpt>
      <trkpt lat="47.570251" lon="10.009224">
        <ele>784.435847</ele>
        <time>2026-02-21T15:40:14.704Z</time>
      </trkpt>
      <trkpt lat="47.570255" lon="10.009234">
        <ele>784.416544</ele>
        <time>2026-02-21T15:40:15.489Z</time>
      </trkpt>
      <trkpt lat="47.570259" lon="10.009244">
        <ele>784.397241</ele>
        <time>2026-02-21T15:40:16.274Z</time>
      </trkpt>
      <trkpt lat="47.570261" lon="10.009255">
        <ele>784.378325</ele>
        <time>2026-02-21T15:40:17.043Z</time>
      </trkpt>
      <trkpt lat="47.570263" lon="10.009267">
        <ele>784.357801</ele>
        <time>2026-02-21T15:40:17.878Z</time>
      </trkpt>
      <trkpt lat="47.570265" lon="10.009278">
        <ele>784.338885</ele>
        <time>2026-02-21T15:40:18.648Z</time>
      </trkpt>
      <trkpt lat="47.570267" lon="10.009289">
        <ele>784.319969</ele>
        <time>2026-02-21T15:40:19.417Z</time>
      </trkpt>
      <trkpt lat="47.570267" lon="10.009296">
        <ele>784.308346</ele>
        <time>2026-02-21T15:40:19.890Z</time>
      </trkpt>
      <trkpt lat="47.570268" lon="10.009304">
        <ele>784.294837</ele>
        <time>2026-02-21T15:40:20.440Z</time>
      </trkpt>
      <trkpt lat="47.570268" lon="10.009312">
        <ele>784.281554</ele>
        <time>2026-02-21T15:40:20.980Z</time>
      </trkpt>
      <trkpt lat="47.570267" lon="10.009317">
        <ele>784.272895</ele>
        <time>2026-02-21T15:40:21.332Z</time>
      </trkpt>
      <trkpt lat="47.570266" lon="10.009323">
        <ele>784.262633</ele>
        <time>2026-02-21T15:40:21.750Z</time>
      </trkpt>
      <trkpt lat="47.570262" lon="10.009333">
        <ele>784.243330</ele>
        <time>2026-02-21T15:40:22.535Z</time>
      </trkpt>
      <trkpt lat="47.570258" lon="10.009343">
        <ele>784.224027</ele>
        <time>2026-02-21T15:40:23.321Z</time>
      </trkpt>
      <trkpt lat="47.570252" lon="10.009350">
        <ele>784.205235</ele>
        <time>2026-02-21T15:40:24.085Z</time>
      </trkpt>
      <trkpt lat="47.570247" lon="10.009358">
        <ele>784.187128</ele>
        <time>2026-02-21T15:40:24.821Z</time>
      </trkpt>
      <trkpt lat="47.570241" lon="10.009366">
        <ele>784.167267</ele>
        <time>2026-02-21T15:40:25.629Z</time>
      </trkpt>
      <trkpt lat="47.570235" lon="10.009373">
        <ele>784.148475</ele>
        <time>2026-02-21T15:40:26.394Z</time>
      </trkpt>
      <trkpt lat="47.570230" lon="10.009380">
        <ele>784.131548</ele>
        <time>2026-02-21T15:40:27.082Z</time>
      </trkpt>
      <trkpt lat="47.570224" lon="10.009387">
        <ele>784.112757</ele>
        <time>2026-02-21T15:40:27.847Z</time>
      </trkpt>
      <trkpt lat="47.570220" lon="10.009394">
        <ele>784.097525</ele>
        <time>2026-02-21T15:40:28.466Z</time>
      </trkpt>
      <trkpt lat="47.570216" lon="10.009401">
        <ele>784.082294</ele>
        <time>2026-02-21T15:40:29.086Z</time>
      </trkpt>
      <trkpt lat="47.570211" lon="10.009409">
        <ele>784.064187</ele>
        <time>2026-02-21T15:40:29.823Z</time>
      </trkpt>
      <trkpt lat="47.570206" lon="10.009417">
        <ele>784.046080</ele>
        <time>2026-02-21T15:40:30.559Z</time>
      </trkpt>
      <trkpt lat="47.570200" lon="10.009427">
        <ele>784.023860</ele>
        <time>2026-02-21T15:40:31.463Z</time>
      </trkpt>
      <trkpt lat="47.570194" lon="10.009436">
        <ele>784.002851</ele>
        <time>2026-02-21T15:40:32.318Z</time>
      </trkpt>
      <trkpt lat="47.570187" lon="10.009447">
        <ele>783.977744</ele>
        <time>2026-02-21T15:40:33.339Z</time>
      </trkpt>
      <trkpt lat="47.570180" lon="10.009458">
        <ele>783.952637</ele>
        <time>2026-02-21T15:40:34.361Z</time>
      </trkpt>
      <trkpt lat="47.570173" lon="10.009468">
        <ele>783.928711</ele>
        <time>2026-02-21T15:40:35.334Z</time>
      </trkpt>
      <trkpt lat="47.570167" lon="10.009477">
        <ele>783.907703</ele>
        <time>2026-02-21T15:40:36.188Z</time>
      </trkpt>
      <trkpt lat="47.570160" lon="10.009485">
        <ele>783.885949</ele>
        <time>2026-02-21T15:40:37.073Z</time>
      </trkpt>
      <trkpt lat="47.570154" lon="10.009494">
        <ele>783.864941</ele>
        <time>2026-02-21T15:40:37.928Z</time>
      </trkpt>
      <trkpt lat="47.570147" lon="10.009502">
        <ele>783.843187</ele>
        <time>2026-02-21T15:40:38.813Z</time>
      </trkpt>
      <trkpt lat="47.570141" lon="10.009510">
        <ele>783.823325</ele>
        <time>2026-02-21T15:40:39.620Z</time>
      </trkpt>
      <trkpt lat="47.570135" lon="10.009516">
        <ele>783.805513</ele>
        <time>2026-02-21T15:40:40.345Z</time>
      </trkpt>
      <trkpt lat="47.570128" lon="10.009522">
        <ele>783.785612</ele>
        <time>2026-02-21T15:40:41.154Z</time>
      </trkpt>
      <trkpt lat="47.570122" lon="10.009528">
        <ele>783.767800</ele>
        <time>2026-02-21T15:40:41.879Z</time>
      </trkpt>
      <trkpt lat="47.570116" lon="10.009534">
        <ele>783.749987</ele>
        <time>2026-02-21T15:40:42.604Z</time>
      </trkpt>
      <trkpt lat="47.570110" lon="10.009542">
        <ele>783.730126</ele>
        <time>2026-02-21T15:40:43.412Z</time>
      </trkpt>
      <trkpt lat="47.570105" lon="10.009549">
        <ele>783.713199</ele>
        <time>2026-02-21T15:40:44.100Z</time>
      </trkpt>
      <trkpt lat="47.570098" lon="10.009557">
        <ele>783.691445</ele>
        <time>2026-02-21T15:40:44.985Z</time>
      </trkpt>
      <trkpt lat="47.570092" lon="10.009565">
        <ele>783.671584</ele>
        <time>2026-02-21T15:40:45.793Z</time>
      </trkpt>
      <trkpt lat="47.570084" lon="10.009571">
        <ele>783.649519</ele>
        <time>2026-02-21T15:40:46.690Z</time>
      </trkpt>
      <trkpt lat="47.570077" lon="10.009577">
        <ele>783.629618</ele>
        <time>2026-02-21T15:40:47.500Z</time>
      </trkpt>
      <trkpt lat="47.570069" lon="10.009581">
        <ele>783.608840</ele>
        <time>2026-02-21T15:40:48.345Z</time>
      </trkpt>
      <trkpt lat="47.570061" lon="10.009586">
        <ele>783.587473</ele>
        <time>2026-02-21T15:40:49.214Z</time>
      </trkpt>
      <trkpt lat="47.570053" lon="10.009591">
        <ele>783.566106</ele>
        <time>2026-02-21T15:40:50.083Z</time>
      </trkpt>
      <trkpt lat="47.570045" lon="10.009596">
        <ele>783.544739</ele>
        <time>2026-02-21T15:40:50.953Z</time>
      </trkpt>
      <trkpt lat="47.570036" lon="10.009603">
        <ele>783.519726</ele>
        <time>2026-02-21T15:40:51.970Z</time>
      </trkpt>
      <trkpt lat="47.570028" lon="10.009610">
        <ele>783.496863</ele>
        <time>2026-02-21T15:40:52.900Z</time>
      </trkpt>
      <trkpt lat="47.570019" lon="10.009620">
        <ele>783.469181</ele>
        <time>2026-02-21T15:40:54.026Z</time>
      </trkpt>
      <trkpt lat="47.570011" lon="10.009629">
        <ele>783.444464</ele>
        <time>2026-02-21T15:40:55.031Z</time>
      </trkpt>
      <trkpt lat="47.570003" lon="10.009638">
        <ele>783.419747</ele>
        <time>2026-02-21T15:40:56.037Z</time>
      </trkpt>
      <trkpt lat="47.569995" lon="10.009647">
        <ele>783.395029</ele>
        <time>2026-02-21T15:40:57.042Z</time>
      </trkpt>
      <trkpt lat="47.569987" lon="10.009654">
        <ele>783.372166</ele>
        <time>2026-02-21T15:40:57.972Z</time>
      </trkpt>
      <trkpt lat="47.569979" lon="10.009661">
        <ele>783.349304</ele>
        <time>2026-02-21T15:40:58.902Z</time>
      </trkpt>
      <trkpt lat="47.569971" lon="10.009668">
        <ele>783.326441</ele>
        <time>2026-02-21T15:40:59.832Z</time>
      </trkpt>
      <trkpt lat="47.569964" lon="10.009674">
        <ele>783.306540</ele>
        <time>2026-02-21T15:41:00.642Z</time>
      </trkpt>
      <trkpt lat="47.569957" lon="10.009679">
        <ele>783.287417</ele>
        <time>2026-02-21T15:41:01.419Z</time>
      </trkpt>
      <trkpt lat="47.569950" lon="10.009684">
        <ele>783.268294</ele>
        <time>2026-02-21T15:41:02.197Z</time>
      </trkpt>
      <trkpt lat="47.569944" lon="10.009690">
        <ele>783.250481</ele>
        <time>2026-02-21T15:41:02.922Z</time>
      </trkpt>
      <trkpt lat="47.569939" lon="10.009696">
        <ele>783.234649</ele>
        <time>2026-02-21T15:41:03.566Z</time>
      </trkpt>
      <trkpt lat="47.569934" lon="10.009705">
        <ele>783.215291</ele>
        <time>2026-02-21T15:41:04.353Z</time>
      </trkpt>
      <trkpt lat="47.569928" lon="10.009714">
        <ele>783.194282</ele>
        <time>2026-02-21T15:41:05.208Z</time>
      </trkpt>
      <trkpt lat="47.569922" lon="10.009721">
        <ele>783.175491</ele>
        <time>2026-02-21T15:41:05.972Z</time>
      </trkpt>
      <trkpt lat="47.569916" lon="10.009729">
        <ele>783.155629</ele>
        <time>2026-02-21T15:41:06.780Z</time>
      </trkpt>
      <trkpt lat="47.569908" lon="10.009736">
        <ele>783.132766</ele>
        <time>2026-02-21T15:41:07.710Z</time>
      </trkpt>
      <trkpt lat="47.569900" lon="10.009744">
        <ele>783.109016</ele>
        <time>2026-02-21T15:41:08.676Z</time>
      </trkpt>
      <trkpt lat="47.569892" lon="10.009749">
        <ele>783.087649</ele>
        <time>2026-02-21T15:41:09.545Z</time>
      </trkpt>
      <trkpt lat="47.569884" lon="10.009755">
        <ele>783.065584</ele>
        <time>2026-02-21T15:41:10.442Z</time>
      </trkpt>
      <trkpt lat="47.569876" lon="10.009761">
        <ele>783.043518</ele>
        <time>2026-02-21T15:41:11.340Z</time>
      </trkpt>
      <trkpt lat="47.569869" lon="10.009766">
        <ele>783.024395</ele>
        <time>2026-02-21T15:41:12.118Z</time>
      </trkpt>
      <trkpt lat="47.569862" lon="10.009771">
        <ele>783.005272</ele>
        <time>2026-02-21T15:41:12.895Z</time>
      </trkpt>
      <trkpt lat="47.569856" lon="10.009777">
        <ele>782.987459</ele>
        <time>2026-02-21T15:41:13.620Z</time>
      </trkpt>
      <trkpt lat="47.569849" lon="10.009783">
        <ele>782.967559</ele>
        <time>2026-02-21T15:41:14.429Z</time>
      </trkpt>
      <trkpt lat="47.569843" lon="10.009789">
        <ele>782.949746</ele>
        <time>2026-02-21T15:41:15.154Z</time>
      </trkpt>
      <trkpt lat="47.569835" lon="10.009796">
        <ele>782.926883</ele>
        <time>2026-02-21T15:41:16.084Z</time>
      </trkpt>
      <trkpt lat="47.569828" lon="10.009804">
        <ele>782.905130</ele>
        <time>2026-02-21T15:41:16.969Z</time>
      </trkpt>
      <trkpt lat="47.569821" lon="10.009810">
        <ele>782.885229</ele>
        <time>2026-02-21T15:41:17.778Z</time>
      </trkpt>
      <trkpt lat="47.569813" lon="10.009816">
        <ele>782.863164</ele>
        <time>2026-02-21T15:41:18.676Z</time>
      </trkpt>
      <trkpt lat="47.569805" lon="10.009821">
        <ele>782.841797</ele>
        <time>2026-02-21T15:41:19.545Z</time>
      </trkpt>
      <trkpt lat="47.569797" lon="10.009827">
        <ele>782.819732</ele>
        <time>2026-02-21T15:41:20.442Z</time>
      </trkpt>
      <trkpt lat="47.569780" lon="10.009835">
        <ele>782.775836</ele>
        <time>2026-02-21T15:41:22.227Z</time>
      </trkpt>
      <trkpt lat="47.569775" lon="10.009838">
        <ele>782.762561</ele>
        <time>2026-02-21T15:41:22.767Z</time>
      </trkpt>
      <trkpt lat="47.569770" lon="10.009841">
        <ele>782.749286</ele>
        <time>2026-02-21T15:41:23.307Z</time>
      </trkpt>
      <trkpt lat="47.569764" lon="10.009847">
        <ele>782.731474</ele>
        <time>2026-02-21T15:41:24.032Z</time>
      </trkpt>
      <trkpt lat="47.569758" lon="10.009852">
        <ele>782.714534</ele>
        <time>2026-02-21T15:41:24.721Z</time>
      </trkpt>
      <trkpt lat="47.569751" lon="10.009859">
        <ele>782.693752</ele>
        <time>2026-02-21T15:41:25.566Z</time>
      </trkpt>
      <trkpt lat="47.569744" lon="10.009866">
        <ele>782.672971</ele>
        <time>2026-02-21T15:41:26.411Z</time>
      </trkpt>
      <trkpt lat="47.569738" lon="10.009873">
        <ele>782.654179</ele>
        <time>2026-02-21T15:41:27.176Z</time>
      </trkpt>
      <trkpt lat="47.569731" lon="10.009880">
        <ele>782.633398</ele>
        <time>2026-02-21T15:41:28.021Z</time>
      </trkpt>
      <trkpt lat="47.569725" lon="10.009885">
        <ele>782.616458</ele>
        <time>2026-02-21T15:41:28.710Z</time>
      </trkpt>
      <trkpt lat="47.569720" lon="10.009891">
        <ele>782.600625</ele>
        <time>2026-02-21T15:41:29.354Z</time>
      </trkpt>
      <trkpt lat="47.569715" lon="10.009897">
        <ele>782.584793</ele>
        <time>2026-02-21T15:41:29.998Z</time>
      </trkpt>
      <trkpt lat="47.569709" lon="10.009903">
        <ele>782.566980</ele>
        <time>2026-02-21T15:41:30.722Z</time>
      </trkpt>
      <trkpt lat="47.569703" lon="10.009909">
        <ele>782.549167</ele>
        <time>2026-02-21T15:41:31.447Z</time>
      </trkpt>
      <trkpt lat="47.569697" lon="10.009916">
        <ele>782.530376</ele>
        <time>2026-02-21T15:41:32.211Z</time>
      </trkpt>
      <trkpt lat="47.569690" lon="10.009922">
        <ele>782.510475</ele>
        <time>2026-02-21T15:41:33.021Z</time>
      </trkpt>
      <trkpt lat="47.569682" lon="10.009928">
        <ele>782.488410</ele>
        <time>2026-02-21T15:41:33.918Z</time>
      </trkpt>
      <trkpt lat="47.569674" lon="10.009934">
        <ele>782.466345</ele>
        <time>2026-02-21T15:41:34.816Z</time>
      </trkpt>
      <trkpt lat="47.569666" lon="10.009940">
        <ele>782.444280</ele>
        <time>2026-02-21T15:41:35.713Z</time>
      </trkpt>
      <trkpt lat="47.569657" lon="10.009945">
        <ele>782.420626</ele>
        <time>2026-02-21T15:41:36.675Z</time>
      </trkpt>
      <trkpt lat="47.569649" lon="10.009950">
        <ele>782.399259</ele>
        <time>2026-02-21T15:41:37.544Z</time>
      </trkpt>
      <trkpt lat="47.569641" lon="10.009955">
        <ele>782.377892</ele>
        <time>2026-02-21T15:41:38.413Z</time>
      </trkpt>
      <trkpt lat="47.569632" lon="10.009960">
        <ele>782.354238</ele>
        <time>2026-02-21T15:41:39.375Z</time>
      </trkpt>
      <trkpt lat="47.569623" lon="10.009966">
        <ele>782.329951</ele>
        <time>2026-02-21T15:41:40.363Z</time>
      </trkpt>
      <trkpt lat="47.569614" lon="10.009971">
        <ele>782.306297</ele>
        <time>2026-02-21T15:41:41.325Z</time>
      </trkpt>
      <trkpt lat="47.569605" lon="10.009977">
        <ele>782.282011</ele>
        <time>2026-02-21T15:41:42.313Z</time>
      </trkpt>
      <trkpt lat="47.569597" lon="10.009982">
        <ele>782.260644</ele>
        <time>2026-02-21T15:41:43.182Z</time>
      </trkpt>
      <trkpt lat="47.569588" lon="10.009989">
        <ele>782.235630</ele>
        <time>2026-02-21T15:41:44.199Z</time>
      </trkpt>
      <trkpt lat="47.569580" lon="10.009995">
        <ele>782.213565</ele>
        <time>2026-02-21T15:41:45.097Z</time>
      </trkpt>
      <trkpt lat="47.569571" lon="10.010000">
        <ele>782.189911</ele>
        <time>2026-02-21T15:41:46.059Z</time>
      </trkpt>
      <trkpt lat="47.569563" lon="10.010006">
        <ele>782.167846</ele>
        <time>2026-02-21T15:41:46.956Z</time>
      </trkpt>
      <trkpt lat="47.569554" lon="10.010011">
        <ele>782.144192</ele>
        <time>2026-02-21T15:41:47.918Z</time>
      </trkpt>
      <trkpt lat="47.569546" lon="10.010016">
        <ele>782.122825</ele>
        <time>2026-02-21T15:41:48.787Z</time>
      </trkpt>
      <trkpt lat="47.569537" lon="10.010021">
        <ele>782.099171</ele>
        <time>2026-02-21T15:41:49.749Z</time>
      </trkpt>
      <trkpt lat="47.569529" lon="10.010025">
        <ele>782.078393</ele>
        <time>2026-02-21T15:41:50.594Z</time>
      </trkpt>
      <trkpt lat="47.569521" lon="10.010031">
        <ele>782.056327</ele>
        <time>2026-02-21T15:41:51.492Z</time>
      </trkpt>
      <trkpt lat="47.569513" lon="10.010037">
        <ele>782.034262</ele>
        <time>2026-02-21T15:41:52.389Z</time>
      </trkpt>
      <trkpt lat="47.569505" lon="10.010044">
        <ele>782.011399</ele>
        <time>2026-02-21T15:41:53.319Z</time>
      </trkpt>
      <trkpt lat="47.569497" lon="10.010051">
        <ele>781.988536</ele>
        <time>2026-02-21T15:41:54.249Z</time>
      </trkpt>
      <trkpt lat="47.569488" lon="10.010058">
        <ele>781.963522</ele>
        <time>2026-02-21T15:41:55.266Z</time>
      </trkpt>
      <trkpt lat="47.569480" lon="10.010065">
        <ele>781.940659</ele>
        <time>2026-02-21T15:41:56.196Z</time>
      </trkpt>
      <trkpt lat="47.569472" lon="10.010072">
        <ele>781.917796</ele>
        <time>2026-02-21T15:41:57.126Z</time>
      </trkpt>
      <trkpt lat="47.569464" lon="10.010079">
        <ele>781.894933</ele>
        <time>2026-02-21T15:41:58.056Z</time>
      </trkpt>
      <trkpt lat="47.569456" lon="10.010085">
        <ele>781.872868</ele>
        <time>2026-02-21T15:41:58.953Z</time>
      </trkpt>
      <trkpt lat="47.569449" lon="10.010092">
        <ele>781.852087</ele>
        <time>2026-02-21T15:41:59.798Z</time>
      </trkpt>
      <trkpt lat="47.569440" lon="10.010098">
        <ele>781.827800</ele>
        <time>2026-02-21T15:42:00.786Z</time>
      </trkpt>
      <trkpt lat="47.569431" lon="10.010104">
        <ele>781.803514</ele>
        <time>2026-02-21T15:42:01.774Z</time>
      </trkpt>
      <trkpt lat="47.569423" lon="10.010110">
        <ele>781.781448</ele>
        <time>2026-02-21T15:42:02.671Z</time>
      </trkpt>
      <trkpt lat="47.569415" lon="10.010115">
        <ele>781.760081</ele>
        <time>2026-02-21T15:42:03.540Z</time>
      </trkpt>
      <trkpt lat="47.569407" lon="10.010122">
        <ele>781.737218</ele>
        <time>2026-02-21T15:42:04.470Z</time>
      </trkpt>
      <trkpt lat="47.569399" lon="10.010129">
        <ele>781.714355</ele>
        <time>2026-02-21T15:42:05.400Z</time>
      </trkpt>
      <trkpt lat="47.569391" lon="10.010136">
        <ele>781.691492</ele>
        <time>2026-02-21T15:42:06.330Z</time>
      </trkpt>
      <trkpt lat="47.569383" lon="10.010144">
        <ele>781.667742</ele>
        <time>2026-02-21T15:42:07.296Z</time>
      </trkpt>
      <trkpt lat="47.569379" lon="10.010148">
        <ele>781.655867</ele>
        <time>2026-02-21T15:42:07.779Z</time>
      </trkpt>
      <trkpt lat="47.569375" lon="10.010153">
        <ele>781.642989</ele>
        <time>2026-02-21T15:42:08.302Z</time>
      </trkpt>
      <trkpt lat="47.569371" lon="10.010162">
        <ele>781.625094</ele>
        <time>2026-02-21T15:42:09.030Z</time>
      </trkpt>
      <trkpt lat="47.569367" lon="10.010172">
        <ele>781.605791</ele>
        <time>2026-02-21T15:42:09.815Z</time>
      </trkpt>
      <trkpt lat="47.569366" lon="10.010181">
        <ele>781.590646</ele>
        <time>2026-02-21T15:42:10.431Z</time>
      </trkpt>
      <trkpt lat="47.569366" lon="10.010190">
        <ele>781.575702</ele>
        <time>2026-02-21T15:42:11.039Z</time>
      </trkpt>
      <trkpt lat="47.569366" lon="10.010200">
        <ele>781.559098</ele>
        <time>2026-02-21T15:42:11.714Z</time>
      </trkpt>
      <trkpt lat="47.569366" lon="10.010209">
        <ele>781.544154</ele>
        <time>2026-02-21T15:42:12.322Z</time>
      </trkpt>
      <trkpt lat="47.569367" lon="10.010219">
        <ele>781.527368</ele>
        <time>2026-02-21T15:42:13.005Z</time>
      </trkpt>
      <trkpt lat="47.569367" lon="10.010229">
        <ele>781.510764</ele>
        <time>2026-02-21T15:42:13.680Z</time>
      </trkpt>
      <trkpt lat="47.569368" lon="10.010239">
        <ele>781.493978</ele>
        <time>2026-02-21T15:42:14.363Z</time>
      </trkpt>
      <trkpt lat="47.569369" lon="10.010248">
        <ele>781.478833</ele>
        <time>2026-02-21T15:42:14.979Z</time>
      </trkpt>
      <trkpt lat="47.569369" lon="10.010257">
        <ele>781.463889</ele>
        <time>2026-02-21T15:42:15.587Z</time>
      </trkpt>
      <trkpt lat="47.569369" lon="10.010265">
        <ele>781.450605</ele>
        <time>2026-02-21T15:42:16.127Z</time>
      </trkpt>
      <trkpt lat="47.569369" lon="10.010274">
        <ele>781.435661</ele>
        <time>2026-02-21T15:42:16.735Z</time>
      </trkpt>
      <trkpt lat="47.569369" lon="10.010283">
        <ele>781.420717</ele>
        <time>2026-02-21T15:42:17.342Z</time>
      </trkpt>
      <trkpt lat="47.569368" lon="10.010293">
        <ele>781.403931</ele>
        <time>2026-02-21T15:42:18.025Z</time>
      </trkpt>
      <trkpt lat="47.569367" lon="10.010303">
        <ele>781.387146</ele>
        <time>2026-02-21T15:42:18.708Z</time>
      </trkpt>
      <trkpt lat="47.569367" lon="10.010313">
        <ele>781.370541</ele>
        <time>2026-02-21T15:42:19.383Z</time>
      </trkpt>
      <trkpt lat="47.569367" lon="10.010323">
        <ele>781.353937</ele>
        <time>2026-02-21T15:42:20.058Z</time>
      </trkpt>
      <trkpt lat="47.569366" lon="10.010333">
        <ele>781.337151</ele>
        <time>2026-02-21T15:42:20.741Z</time>
      </trkpt>
      <trkpt lat="47.569366" lon="10.010344">
        <ele>781.318886</ele>
        <time>2026-02-21T15:42:21.484Z</time>
      </trkpt>
      <trkpt lat="47.569366" lon="10.010353">
        <ele>781.303942</ele>
        <time>2026-02-21T15:42:22.092Z</time>
      </trkpt>
      <trkpt lat="47.569365" lon="10.010362">
        <ele>781.288797</ele>
        <time>2026-02-21T15:42:22.708Z</time>
      </trkpt>
      <trkpt lat="47.569364" lon="10.010371">
        <ele>781.273652</ele>
        <time>2026-02-21T15:42:23.323Z</time>
      </trkpt>
      <trkpt lat="47.569363" lon="10.010382">
        <ele>781.255222</ele>
        <time>2026-02-21T15:42:24.073Z</time>
      </trkpt>
      <trkpt lat="47.569362" lon="10.010393">
        <ele>781.236792</ele>
        <time>2026-02-21T15:42:24.823Z</time>
      </trkpt>
      <trkpt lat="47.569361" lon="10.010403">
        <ele>781.220006</ele>
        <time>2026-02-21T15:42:25.505Z</time>
      </trkpt>
      <trkpt lat="47.569360" lon="10.010414">
        <ele>781.201576</ele>
        <time>2026-02-21T15:42:26.255Z</time>
      </trkpt>
      <trkpt lat="47.569359" lon="10.010423">
        <ele>781.186431</ele>
        <time>2026-02-21T15:42:26.871Z</time>
      </trkpt>
      <trkpt lat="47.569358" lon="10.010433">
        <ele>781.169645</ele>
        <time>2026-02-21T15:42:27.553Z</time>
      </trkpt>
      <trkpt lat="47.569358" lon="10.010442">
        <ele>781.154701</ele>
        <time>2026-02-21T15:42:28.161Z</time>
      </trkpt>
      <trkpt lat="47.569357" lon="10.010451">
        <ele>781.139556</ele>
        <time>2026-02-21T15:42:28.777Z</time>
      </trkpt>
      <trkpt lat="47.569355" lon="10.010460">
        <ele>781.123823</ele>
        <time>2026-02-21T15:42:29.417Z</time>
      </trkpt>
      <trkpt lat="47.569354" lon="10.010469">
        <ele>781.108677</ele>
        <time>2026-02-21T15:42:30.033Z</time>
      </trkpt>
      <trkpt lat="47.569352" lon="10.010478">
        <ele>781.092944</ele>
        <time>2026-02-21T15:42:30.673Z</time>
      </trkpt>
      <trkpt lat="47.569349" lon="10.010487">
        <ele>781.076275</ele>
        <time>2026-02-21T15:42:31.351Z</time>
      </trkpt>
      <trkpt lat="47.569347" lon="10.010496">
        <ele>781.060542</ele>
        <time>2026-02-21T15:42:31.991Z</time>
      </trkpt>
      <trkpt lat="47.569344" lon="10.010505">
        <ele>781.043873</ele>
        <time>2026-02-21T15:42:32.669Z</time>
      </trkpt>
      <trkpt lat="47.569341" lon="10.010515">
        <ele>781.025702</ele>
        <time>2026-02-21T15:42:33.407Z</time>
      </trkpt>
      <trkpt lat="47.569339" lon="10.010525">
        <ele>781.011127</ele>
        <time>2026-02-21T15:42:34.112Z</time>
      </trkpt>
      <trkpt lat="47.569337" lon="10.010533">
        <ele>781.010875</ele>
        <time>2026-02-21T15:42:34.688Z</time>
      </trkpt>
      <trkpt lat="47.569335" lon="10.010540">
        <ele>781.010651</ele>
        <time>2026-02-21T15:42:35.201Z</time>
      </trkpt>
      <trkpt lat="47.569333" lon="10.010549">
        <ele>781.010371</ele>
        <time>2026-02-21T15:42:35.841Z</time>
      </trkpt>
      <trkpt lat="47.569332" lon="10.010555">
        <ele>781.010189</ele>
        <time>2026-02-21T15:42:36.259Z</time>
      </trkpt>
      <trkpt lat="47.569331" lon="10.010562">
        <ele>781.009978</ele>
        <time>2026-02-21T15:42:36.742Z</time>
      </trkpt>
      <trkpt lat="47.569328" lon="10.010575">
        <ele>781.009572</ele>
        <time>2026-02-21T15:42:37.669Z</time>
      </trkpt>
      <trkpt lat="47.569324" lon="10.010589">
        <ele>781.009124</ele>
        <time>2026-02-21T15:42:38.696Z</time>
      </trkpt>
      <trkpt lat="47.569321" lon="10.010601">
        <ele>781.008746</ele>
        <time>2026-02-21T15:42:39.560Z</time>
      </trkpt>
      <trkpt lat="47.569317" lon="10.010614">
        <ele>781.008325</ele>
        <time>2026-02-21T15:42:40.525Z</time>
      </trkpt>
      <trkpt lat="47.569309" lon="10.010647">
        <ele>781.007290</ele>
        <time>2026-02-21T15:42:42.893Z</time>
      </trkpt>
      <trkpt lat="47.569307" lon="10.010656">
        <ele>781.007010</ele>
        <time>2026-02-21T15:42:43.533Z</time>
      </trkpt>
      <trkpt lat="47.569304" lon="10.010665">
        <ele>781.006714</ele>
        <time>2026-02-21T15:42:44.210Z</time>
      </trkpt>
      <trkpt lat="47.569301" lon="10.010677">
        <ele>781.006337</ele>
        <time>2026-02-21T15:42:45.075Z</time>
      </trkpt>
      <trkpt lat="47.569298" lon="10.010689">
        <ele>781.005959</ele>
        <time>2026-02-21T15:42:45.939Z</time>
      </trkpt>
      <trkpt lat="47.569295" lon="10.010699">
        <ele>781.005636</ele>
        <time>2026-02-21T15:42:46.678Z</time>
      </trkpt>
      <trkpt lat="47.569291" lon="10.010709">
        <ele>781.005293</ele>
        <time>2026-02-21T15:42:47.463Z</time>
      </trkpt>
      <trkpt lat="47.569289" lon="10.010717">
        <ele>781.005041</ele>
        <time>2026-02-21T15:42:48.039Z</time>
      </trkpt>
      <trkpt lat="47.569286" lon="10.010725">
        <ele>781.004771</ele>
        <time>2026-02-21T15:42:48.657Z</time>
      </trkpt>
      <trkpt lat="47.569284" lon="10.010734">
        <ele>781.004492</ele>
        <time>2026-02-21T15:42:49.297Z</time>
      </trkpt>
      <trkpt lat="47.569282" lon="10.010743">
        <ele>781.004212</ele>
        <time>2026-02-21T15:42:49.937Z</time>
      </trkpt>
      <trkpt lat="47.569279" lon="10.010754">
        <ele>781.003862</ele>
        <time>2026-02-21T15:42:50.738Z</time>
      </trkpt>
      <trkpt lat="47.569276" lon="10.010765">
        <ele>781.003512</ele>
        <time>2026-02-21T15:42:51.539Z</time>
      </trkpt>
      <trkpt lat="47.569269" lon="10.010791">
        <ele>781.002686</ele>
        <time>2026-02-21T15:42:53.429Z</time>
      </trkpt>
      <trkpt lat="47.569264" lon="10.010808">
        <ele>781.002139</ele>
        <time>2026-02-21T15:42:54.682Z</time>
      </trkpt>
      <trkpt lat="47.569260" lon="10.010825">
        <ele>781.001608</ele>
        <time>2026-02-21T15:42:55.897Z</time>
      </trkpt>
      <trkpt lat="47.569256" lon="10.010838">
        <ele>781.001186</ele>
        <time>2026-02-21T15:42:56.862Z</time>
      </trkpt>
      <trkpt lat="47.569252" lon="10.010851">
        <ele>781.000764</ele>
        <time>2026-02-21T15:42:57.827Z</time>
      </trkpt>
      <trkpt lat="47.569246" lon="10.010880">
        <ele>780.999869</ele>
        <time>2026-02-21T15:42:59.875Z</time>
      </trkpt>
      <trkpt lat="47.569243" lon="10.010893">
        <ele>780.999464</ele>
        <time>2026-02-21T15:43:00.803Z</time>
      </trkpt>
      <trkpt lat="47.569240" lon="10.010905">
        <ele>780.999086</ele>
        <time>2026-02-21T15:43:01.667Z</time>
      </trkpt>
      <trkpt lat="47.569238" lon="10.010917">
        <ele>780.998722</ele>
        <time>2026-02-21T15:43:02.502Z</time>
      </trkpt>
      <trkpt lat="47.569235" lon="10.010930">
        <ele>780.998316</ele>
        <time>2026-02-21T15:43:03.430Z</time>
      </trkpt>
      <trkpt lat="47.569230" lon="10.010945">
        <ele>780.997823</ele>
        <time>2026-02-21T15:43:04.559Z</time>
      </trkpt>
      <trkpt lat="47.569225" lon="10.010960">
        <ele>780.997329</ele>
        <time>2026-02-21T15:43:05.689Z</time>
      </trkpt>
      <trkpt lat="47.569219" lon="10.010976">
        <ele>780.996789</ele>
        <time>2026-02-21T15:43:06.925Z</time>
      </trkpt>
      <trkpt lat="47.569214" lon="10.010992">
        <ele>780.996269</ele>
        <time>2026-02-21T15:43:08.116Z</time>
      </trkpt>
      <trkpt lat="47.569209" lon="10.011006">
        <ele>780.995801</ele>
        <time>2026-02-21T15:43:09.185Z</time>
      </trkpt>
      <trkpt lat="47.569205" lon="10.011020">
        <ele>780.995353</ele>
        <time>2026-02-21T15:43:10.212Z</time>
      </trkpt>
      <trkpt lat="47.569201" lon="10.011035">
        <ele>780.994877</ele>
        <time>2026-02-21T15:43:11.301Z</time>
      </trkpt>
      <trkpt lat="47.569197" lon="10.011049">
        <ele>780.994428</ele>
        <time>2026-02-21T15:43:12.327Z</time>
      </trkpt>
      <trkpt lat="47.569193" lon="10.011061">
        <ele>780.994033</ele>
        <time>2026-02-21T15:43:13.231Z</time>
      </trkpt>
      <trkpt lat="47.569189" lon="10.011074">
        <ele>780.993612</ele>
        <time>2026-02-21T15:43:14.196Z</time>
      </trkpt>
      <trkpt lat="47.569186" lon="10.011083">
        <ele>780.993315</ele>
        <time>2026-02-21T15:43:14.874Z</time>
      </trkpt>
      <trkpt lat="47.569183" lon="10.011093">
        <ele>780.992993</ele>
        <time>2026-02-21T15:43:15.613Z</time>
      </trkpt>
      <trkpt lat="47.569180" lon="10.011104">
        <ele>780.992642</ele>
        <time>2026-02-21T15:43:16.414Z</time>
      </trkpt>
      <trkpt lat="47.569178" lon="10.011114">
        <ele>780.992335</ele>
        <time>2026-02-21T15:43:17.119Z</time>
      </trkpt>
      <trkpt lat="47.569177" lon="10.011118">
        <ele>780.992209</ele>
        <time>2026-02-21T15:43:17.407Z</time>
      </trkpt>
      <trkpt lat="47.569176" lon="10.011123">
        <ele>780.992055</ele>
        <time>2026-02-21T15:43:17.759Z</time>
      </trkpt>
      <trkpt lat="47.569175" lon="10.011127">
        <ele>780.991929</ele>
        <time>2026-02-21T15:43:18.047Z</time>
      </trkpt>
      <trkpt lat="47.569174" lon="10.011131">
        <ele>780.991803</ele>
        <time>2026-02-21T15:43:18.335Z</time>
      </trkpt>
      <trkpt lat="47.569174" lon="10.011135">
        <ele>780.991685</ele>
        <time>2026-02-21T15:43:18.605Z</time>
      </trkpt>
      <trkpt lat="47.569171" lon="10.011150">
        <ele>780.991224</ele>
        <time>2026-02-21T15:43:19.661Z</time>
      </trkpt>
      <trkpt lat="47.569169" lon="10.011165">
        <ele>780.990772</ele>
        <time>2026-02-21T15:43:20.694Z</time>
      </trkpt>
      <trkpt lat="47.569166" lon="10.011177">
        <ele>780.990395</ele>
        <time>2026-02-21T15:43:21.558Z</time>
      </trkpt>
      <trkpt lat="47.569164" lon="10.011189">
        <ele>780.990030</ele>
        <time>2026-02-21T15:43:22.392Z</time>
      </trkpt>
      <trkpt lat="47.569161" lon="10.011200">
        <ele>780.989680</ele>
        <time>2026-02-21T15:43:23.194Z</time>
      </trkpt>
      <trkpt lat="47.569158" lon="10.011211">
        <ele>780.989330</ele>
        <time>2026-02-21T15:43:23.995Z</time>
      </trkpt>
      <trkpt lat="47.569155" lon="10.011221">
        <ele>780.989007</ele>
        <time>2026-02-21T15:43:24.734Z</time>
      </trkpt>
      <trkpt lat="47.569151" lon="10.011232">
        <ele>780.988638</ele>
        <time>2026-02-21T15:43:25.577Z</time>
      </trkpt>
      <trkpt lat="47.569148" lon="10.011244">
        <ele>780.988261</ele>
        <time>2026-02-21T15:43:26.442Z</time>
      </trkpt>
      <trkpt lat="47.569144" lon="10.011255">
        <ele>780.987892</ele>
        <time>2026-02-21T15:43:27.285Z</time>
      </trkpt>
      <trkpt lat="47.569141" lon="10.011262">
        <ele>780.987647</ele>
        <time>2026-02-21T15:43:27.845Z</time>
      </trkpt>
      <trkpt lat="47.569139" lon="10.011268">
        <ele>780.987450</ele>
        <time>2026-02-21T15:43:28.297Z</time>
      </trkpt>
      <trkpt lat="47.569133" lon="10.011276">
        <ele>780.987097</ele>
        <time>2026-02-21T15:43:29.105Z</time>
      </trkpt>
      <trkpt lat="47.569130" lon="10.011282">
        <ele>780.986877</ele>
        <time>2026-02-21T15:43:29.609Z</time>
      </trkpt>
      <trkpt lat="47.569127" lon="10.011288">
        <ele>780.986656</ele>
        <time>2026-02-21T15:43:30.113Z</time>
      </trkpt>
      <trkpt lat="47.569125" lon="10.011294">
        <ele>780.986459</ele>
        <time>2026-02-21T15:43:30.565Z</time>
      </trkpt>
      <trkpt lat="47.569122" lon="10.011300">
        <ele>780.986238</ele>
        <time>2026-02-21T15:43:31.070Z</time>
      </trkpt>
      <trkpt lat="47.569120" lon="10.011309">
        <ele>780.985959</ele>
        <time>2026-02-21T15:43:31.709Z</time>
      </trkpt>
      <trkpt lat="47.569118" lon="10.011318">
        <ele>780.985679</ele>
        <time>2026-02-21T15:43:32.349Z</time>
      </trkpt>
      <trkpt lat="47.569115" lon="10.011328">
        <ele>780.985356</ele>
        <time>2026-02-21T15:43:33.088Z</time>
      </trkpt>
      <trkpt lat="47.569113" lon="10.011339">
        <ele>780.985020</ele>
        <time>2026-02-21T15:43:33.858Z</time>
      </trkpt>
      <trkpt lat="47.569108" lon="10.011361">
        <ele>780.984335</ele>
        <time>2026-02-21T15:43:35.425Z</time>
      </trkpt>
      <trkpt lat="47.569106" lon="10.011368">
        <ele>780.984111</ele>
        <time>2026-02-21T15:43:35.938Z</time>
      </trkpt>
      <trkpt lat="47.569104" lon="10.011374">
        <ele>780.983913</ele>
        <time>2026-02-21T15:43:36.390Z</time>
      </trkpt>
      <trkpt lat="47.569103" lon="10.011380">
        <ele>780.983731</ele>
        <time>2026-02-21T15:43:36.808Z</time>
      </trkpt>
      <trkpt lat="47.569098" lon="10.011393">
        <ele>780.983290</ele>
        <time>2026-02-21T15:43:37.818Z</time>
      </trkpt>
      <trkpt lat="47.569093" lon="10.011405">
        <ele>780.982873</ele>
        <time>2026-02-21T15:43:38.770Z</time>
      </trkpt>
      <trkpt lat="47.569088" lon="10.011415">
        <ele>780.982506</ele>
        <time>2026-02-21T15:43:39.611Z</time>
      </trkpt>
      <trkpt lat="47.569083" lon="10.011425">
        <ele>780.982139</ele>
        <time>2026-02-21T15:43:40.451Z</time>
      </trkpt>
      <trkpt lat="47.569078" lon="10.011435">
        <ele>780.981772</ele>
        <time>2026-02-21T15:43:41.292Z</time>
      </trkpt>
      <trkpt lat="47.569073" lon="10.011444">
        <ele>780.981428</ele>
        <time>2026-02-21T15:43:42.079Z</time>
      </trkpt>
      <trkpt lat="47.569069" lon="10.011452">
        <ele>780.981134</ele>
        <time>2026-02-21T15:43:42.751Z</time>
      </trkpt>
      <trkpt lat="47.569065" lon="10.011460">
        <ele>780.980840</ele>
        <time>2026-02-21T15:43:43.423Z</time>
      </trkpt>
      <trkpt lat="47.569061" lon="10.011468">
        <ele>780.980546</ele>
        <time>2026-02-21T15:43:44.096Z</time>
      </trkpt>
      <trkpt lat="47.569057" lon="10.011476">
        <ele>780.980253</ele>
        <time>2026-02-21T15:43:44.768Z</time>
      </trkpt>
      <trkpt lat="47.569055" lon="10.011485">
        <ele>780.979973</ele>
        <time>2026-02-21T15:43:45.408Z</time>
      </trkpt>
      <trkpt lat="47.569052" lon="10.011494">
        <ele>780.979677</ele>
        <time>2026-02-21T15:43:46.086Z</time>
      </trkpt>
      <trkpt lat="47.569048" lon="10.011501">
        <ele>780.979406</ele>
        <time>2026-02-21T15:43:46.705Z</time>
      </trkpt>
      <trkpt lat="47.569045" lon="10.011508">
        <ele>780.979161</ele>
        <time>2026-02-21T15:43:47.265Z</time>
      </trkpt>
      <trkpt lat="47.569041" lon="10.011515">
        <ele>780.978891</ele>
        <time>2026-02-21T15:43:47.885Z</time>
      </trkpt>
      <trkpt lat="47.569037" lon="10.011522">
        <ele>780.978620</ele>
        <time>2026-02-21T15:43:48.504Z</time>
      </trkpt>
      <trkpt lat="47.569033" lon="10.011529">
        <ele>780.978349</ele>
        <time>2026-02-21T15:43:49.124Z</time>
      </trkpt>
      <trkpt lat="47.569029" lon="10.011536">
        <ele>780.978079</ele>
        <time>2026-02-21T15:43:49.743Z</time>
      </trkpt>
      <trkpt lat="47.569024" lon="10.011544">
        <ele>780.977757</ele>
        <time>2026-02-21T15:43:50.479Z</time>
      </trkpt>
      <trkpt lat="47.569020" lon="10.011551">
        <ele>780.977486</ele>
        <time>2026-02-21T15:43:51.099Z</time>
      </trkpt>
      <trkpt lat="47.569016" lon="10.011555">
        <ele>780.977275</ele>
        <time>2026-02-21T15:43:51.582Z</time>
      </trkpt>
      <trkpt lat="47.569013" lon="10.011560">
        <ele>780.977078</ele>
        <time>2026-02-21T15:43:52.033Z</time>
      </trkpt>
      <trkpt lat="47.569007" lon="10.011569">
        <ele>780.976705</ele>
        <time>2026-02-21T15:43:52.888Z</time>
      </trkpt>
      <trkpt lat="47.569002" lon="10.011578">
        <ele>780.976361</ele>
        <time>2026-02-21T15:43:53.675Z</time>
      </trkpt>
      <trkpt lat="47.568997" lon="10.011587">
        <ele>780.976017</ele>
        <time>2026-02-21T15:43:54.462Z</time>
      </trkpt>
      <trkpt lat="47.568993" lon="10.011596">
        <ele>780.975699</ele>
        <time>2026-02-21T15:43:55.190Z</time>
      </trkpt>
      <trkpt lat="47.568989" lon="10.011606">
        <ele>780.975356</ele>
        <time>2026-02-21T15:43:55.975Z</time>
      </trkpt>
      <trkpt lat="47.568985" lon="10.011615">
        <ele>780.975038</ele>
        <time>2026-02-21T15:43:56.703Z</time>
      </trkpt>
      <trkpt lat="47.568980" lon="10.011625">
        <ele>780.974670</ele>
        <time>2026-02-21T15:43:57.543Z</time>
      </trkpt>
      <trkpt lat="47.568976" lon="10.011635">
        <ele>780.974327</ele>
        <time>2026-02-21T15:43:58.328Z</time>
      </trkpt>
      <trkpt lat="47.568972" lon="10.011644">
        <ele>780.974009</ele>
        <time>2026-02-21T15:43:59.056Z</time>
      </trkpt>
      <trkpt lat="47.568969" lon="10.011654">
        <ele>780.973686</ele>
        <time>2026-02-21T15:43:59.795Z</time>
      </trkpt>
      <trkpt lat="47.568966" lon="10.011659">
        <ele>780.973489</ele>
        <time>2026-02-21T15:44:00.246Z</time>
      </trkpt>
      <trkpt lat="47.568964" lon="10.011665">
        <ele>780.973291</ele>
        <time>2026-02-21T15:44:00.698Z</time>
      </trkpt>
      <trkpt lat="47.568962" lon="10.011670">
        <ele>780.973120</ele>
        <time>2026-02-21T15:44:01.091Z</time>
      </trkpt>
      <trkpt lat="47.568960" lon="10.011676">
        <ele>780.972923</ele>
        <time>2026-02-21T15:44:01.543Z</time>
      </trkpt>
      <trkpt lat="47.568956" lon="10.011685">
        <ele>780.972605</ele>
        <time>2026-02-21T15:44:02.270Z</time>
      </trkpt>
      <trkpt lat="47.568953" lon="10.011694">
        <ele>780.972308</ele>
        <time>2026-02-21T15:44:02.948Z</time>
      </trkpt>
      <trkpt lat="47.568950" lon="10.011705">
        <ele>780.971958</ele>
        <time>2026-02-21T15:44:03.749Z</time>
      </trkpt>
      <trkpt lat="47.568947" lon="10.011715">
        <ele>780.971635</ele>
        <time>2026-02-21T15:44:04.488Z</time>
      </trkpt>
      <trkpt lat="47.568944" lon="10.011724">
        <ele>780.971339</ele>
        <time>2026-02-21T15:44:05.166Z</time>
      </trkpt>
      <trkpt lat="47.568942" lon="10.011732">
        <ele>780.971087</ele>
        <time>2026-02-21T15:44:05.742Z</time>
      </trkpt>
      <trkpt lat="47.568939" lon="10.011740">
        <ele>780.970817</ele>
        <time>2026-02-21T15:44:06.360Z</time>
      </trkpt>
      <trkpt lat="47.568937" lon="10.011748">
        <ele>780.970566</ele>
        <time>2026-02-21T15:44:06.936Z</time>
      </trkpt>
      <trkpt lat="47.568934" lon="10.011756">
        <ele>780.970296</ele>
        <time>2026-02-21T15:44:07.554Z</time>
      </trkpt>
      <trkpt lat="47.568931" lon="10.011764">
        <ele>780.970026</ele>
        <time>2026-02-21T15:44:08.172Z</time>
      </trkpt>
      <trkpt lat="47.568927" lon="10.011774">
        <ele>780.969683</ele>
        <time>2026-02-21T15:44:08.957Z</time>
      </trkpt>
      <trkpt lat="47.568923" lon="10.011784">
        <ele>780.969339</ele>
        <time>2026-02-21T15:44:09.742Z</time>
      </trkpt>
      <trkpt lat="47.568919" lon="10.011795">
        <ele>780.968971</ele>
        <time>2026-02-21T15:44:10.586Z</time>
      </trkpt>
      <trkpt lat="47.568914" lon="10.011805">
        <ele>780.968604</ele>
        <time>2026-02-21T15:44:11.427Z</time>
      </trkpt>
      <trkpt lat="47.568910" lon="10.011816">
        <ele>780.968235</ele>
        <time>2026-02-21T15:44:12.271Z</time>
      </trkpt>
      <trkpt lat="47.568905" lon="10.011827">
        <ele>780.967843</ele>
        <time>2026-02-21T15:44:13.166Z</time>
      </trkpt>
      <trkpt lat="47.568894" lon="10.011850">
        <ele>780.967012</ele>
        <time>2026-02-21T15:44:15.070Z</time>
      </trkpt>
      <trkpt lat="47.568889" lon="10.011859">
        <ele>780.966668</ele>
        <time>2026-02-21T15:44:15.857Z</time>
      </trkpt>
      <trkpt lat="47.568885" lon="10.011868">
        <ele>780.966350</ele>
        <time>2026-02-21T15:44:16.585Z</time>
      </trkpt>
      <trkpt lat="47.568882" lon="10.011876">
        <ele>780.966080</ele>
        <time>2026-02-21T15:44:17.203Z</time>
      </trkpt>
      <trkpt lat="47.568880" lon="10.011885">
        <ele>780.965800</ele>
        <time>2026-02-21T15:44:17.842Z</time>
      </trkpt>
      <trkpt lat="47.568880" lon="10.011891">
        <ele>780.965623</ele>
        <time>2026-02-21T15:44:18.248Z</time>
      </trkpt>
      <trkpt lat="47.568879" lon="10.011897">
        <ele>780.965441</ele>
        <time>2026-02-21T15:44:18.665Z</time>
      </trkpt>
      <trkpt lat="47.568878" lon="10.011909">
        <ele>780.965084</ele>
        <time>2026-02-21T15:44:19.481Z</time>
      </trkpt>
      <trkpt lat="47.568877" lon="10.011920">
        <ele>780.964756</ele>
        <time>2026-02-21T15:44:20.231Z</time>
      </trkpt>
      <trkpt lat="47.568875" lon="10.011932">
        <ele>780.964392</ele>
        <time>2026-02-21T15:44:21.065Z</time>
      </trkpt>
      <trkpt lat="47.568873" lon="10.011943">
        <ele>780.964055</ele>
        <time>2026-02-21T15:44:21.835Z</time>
      </trkpt>
      <trkpt lat="47.568870" lon="10.011954">
        <ele>780.963705</ele>
        <time>2026-02-21T15:44:22.636Z</time>
      </trkpt>
      <trkpt lat="47.568868" lon="10.011966">
        <ele>780.963341</ele>
        <time>2026-02-21T15:44:23.470Z</time>
      </trkpt>
      <trkpt lat="47.568867" lon="10.011976">
        <ele>780.963042</ele>
        <time>2026-02-21T15:44:24.153Z</time>
      </trkpt>
      <trkpt lat="47.568865" lon="10.011987">
        <ele>780.962706</ele>
        <time>2026-02-21T15:44:24.922Z</time>
      </trkpt>
      <trkpt lat="47.568863" lon="10.011997">
        <ele>780.962399</ele>
        <time>2026-02-21T15:44:25.627Z</time>
      </trkpt>
      <trkpt lat="47.568862" lon="10.012007">
        <ele>780.962100</ele>
        <time>2026-02-21T15:44:26.310Z</time>
      </trkpt>
      <trkpt lat="47.568859" lon="10.012016">
        <ele>780.961804</ele>
        <time>2026-02-21T15:44:26.987Z</time>
      </trkpt>
      <trkpt lat="47.568857" lon="10.012026">
        <ele>780.961496</ele>
        <time>2026-02-21T15:44:27.692Z</time>
      </trkpt>
      <trkpt lat="47.568854" lon="10.012036">
        <ele>780.961173</ele>
        <time>2026-02-21T15:44:28.431Z</time>
      </trkpt>
      <trkpt lat="47.568852" lon="10.012046">
        <ele>780.960866</ele>
        <time>2026-02-21T15:44:29.135Z</time>
      </trkpt>
      <trkpt lat="47.568849" lon="10.012057">
        <ele>780.960516</ele>
        <time>2026-02-21T15:44:29.936Z</time>
      </trkpt>
      <trkpt lat="47.568847" lon="10.012068">
        <ele>780.960179</ele>
        <time>2026-02-21T15:44:30.705Z</time>
      </trkpt>
      <trkpt lat="47.568845" lon="10.012079">
        <ele>780.959843</ele>
        <time>2026-02-21T15:44:31.474Z</time>
      </trkpt>
      <trkpt lat="47.568843" lon="10.012090">
        <ele>780.959507</ele>
        <time>2026-02-21T15:44:32.244Z</time>
      </trkpt>
      <trkpt lat="47.568839" lon="10.012102">
        <ele>780.959112</ele>
        <time>2026-02-21T15:44:33.147Z</time>
      </trkpt>
      <trkpt lat="47.568835" lon="10.012114">
        <ele>780.958717</ele>
        <time>2026-02-21T15:44:34.051Z</time>
      </trkpt>
      <trkpt lat="47.568831" lon="10.012126">
        <ele>780.958322</ele>
        <time>2026-02-21T15:44:34.955Z</time>
      </trkpt>
      <trkpt lat="47.568826" lon="10.012139">
        <ele>780.957881</ele>
        <time>2026-02-21T15:44:35.965Z</time>
      </trkpt>
      <trkpt lat="47.568820" lon="10.012149">
        <ele>780.957486</ele>
        <time>2026-02-21T15:44:36.869Z</time>
      </trkpt>
      <trkpt lat="47.568813" lon="10.012158">
        <ele>780.957081</ele>
        <time>2026-02-21T15:44:37.796Z</time>
      </trkpt>
      <trkpt lat="47.568806" lon="10.012166">
        <ele>780.956694</ele>
        <time>2026-02-21T15:44:38.681Z</time>
      </trkpt>
      <trkpt lat="47.568798" lon="10.012174">
        <ele>780.956272</ele>
        <time>2026-02-21T15:44:39.647Z</time>
      </trkpt>
      <trkpt lat="47.568791" lon="10.012180">
        <ele>780.955918</ele>
        <time>2026-02-21T15:44:40.456Z</time>
      </trkpt>
      <trkpt lat="47.568783" lon="10.012186">
        <ele>780.955526</ele>
        <time>2026-02-21T15:44:41.354Z</time>
      </trkpt>
      <trkpt lat="47.568776" lon="10.012189">
        <ele>780.955208</ele>
        <time>2026-02-21T15:44:42.083Z</time>
      </trkpt>
      <trkpt lat="47.568768" lon="10.012193">
        <ele>780.954838</ele>
        <time>2026-02-21T15:44:42.928Z</time>
      </trkpt>
      <trkpt lat="47.568760" lon="10.012196">
        <ele>780.954478</ele>
        <time>2026-02-21T15:44:43.754Z</time>
      </trkpt>
      <trkpt lat="47.568753" lon="10.012199">
        <ele>780.954159</ele>
        <time>2026-02-21T15:44:44.483Z</time>
      </trkpt>
      <trkpt lat="47.568745" lon="10.012202">
        <ele>780.953798</ele>
        <time>2026-02-21T15:44:45.309Z</time>
      </trkpt>
      <trkpt lat="47.568737" lon="10.012205">
        <ele>780.953437</ele>
        <time>2026-02-21T15:44:46.135Z</time>
      </trkpt>
      <trkpt lat="47.568730" lon="10.012208">
        <ele>780.953118</ele>
        <time>2026-02-21T15:44:46.864Z</time>
      </trkpt>
      <trkpt lat="47.568723" lon="10.012211">
        <ele>780.952800</ele>
        <time>2026-02-21T15:44:47.593Z</time>
      </trkpt>
      <trkpt lat="47.568716" lon="10.012213">
        <ele>780.952488</ele>
        <time>2026-02-21T15:44:48.307Z</time>
      </trkpt>
      <trkpt lat="47.568709" lon="10.012215">
        <ele>780.952176</ele>
        <time>2026-02-21T15:44:49.020Z</time>
      </trkpt>
      <trkpt lat="47.568702" lon="10.012218">
        <ele>780.951858</ele>
        <time>2026-02-21T15:44:49.749Z</time>
      </trkpt>
      <trkpt lat="47.568694" lon="10.012221">
        <ele>780.951497</ele>
        <time>2026-02-21T15:44:50.575Z</time>
      </trkpt>
      <trkpt lat="47.568687" lon="10.012224">
        <ele>780.951178</ele>
        <time>2026-02-21T15:44:51.304Z</time>
      </trkpt>
      <trkpt lat="47.568680" lon="10.012228">
        <ele>780.950850</ele>
        <time>2026-02-21T15:44:52.055Z</time>
      </trkpt>
      <trkpt lat="47.568673" lon="10.012232">
        <ele>780.950522</ele>
        <time>2026-02-21T15:44:52.806Z</time>
      </trkpt>
      <trkpt lat="47.568665" lon="10.012236">
        <ele>780.950153</ele>
        <time>2026-02-21T15:44:53.651Z</time>
      </trkpt>
      <trkpt lat="47.568659" lon="10.012241">
        <ele>780.949852</ele>
        <time>2026-02-21T15:44:54.340Z</time>
      </trkpt>
      <trkpt lat="47.568652" lon="10.012246">
        <ele>780.949512</ele>
        <time>2026-02-21T15:44:55.118Z</time>
      </trkpt>
      <trkpt lat="47.568645" lon="10.012250">
        <ele>780.949184</ele>
        <time>2026-02-21T15:44:55.869Z</time>
      </trkpt>
      <trkpt lat="47.568638" lon="10.012254">
        <ele>780.948856</ele>
        <time>2026-02-21T15:44:56.620Z</time>
      </trkpt>
      <trkpt lat="47.568631" lon="10.012257">
        <ele>780.948537</ele>
        <time>2026-02-21T15:44:57.349Z</time>
      </trkpt>
      <trkpt lat="47.568623" lon="10.012260">
        <ele>780.948176</ele>
        <time>2026-02-21T15:44:58.175Z</time>
      </trkpt>
      <trkpt lat="47.568615" lon="10.012262">
        <ele>780.947821</ele>
        <time>2026-02-21T15:44:58.987Z</time>
      </trkpt>
      <trkpt lat="47.568608" lon="10.012264">
        <ele>780.947510</ele>
        <time>2026-02-21T15:44:59.700Z</time>
      </trkpt>
      <trkpt lat="47.568600" lon="10.012265">
        <ele>780.947158</ele>
        <time>2026-02-21T15:45:00.504Z</time>
      </trkpt>
      <trkpt lat="47.568593" lon="10.012266">
        <ele>780.946851</ele>
        <time>2026-02-21T15:45:01.208Z</time>
      </trkpt>
      <trkpt lat="47.568587" lon="10.012267">
        <ele>780.946587</ele>
        <time>2026-02-21T15:45:01.812Z</time>
      </trkpt>
      <trkpt lat="47.568580" lon="10.012267">
        <ele>780.946281</ele>
        <time>2026-02-21T15:45:02.512Z</time>
      </trkpt>
      <trkpt lat="47.568574" lon="10.012268">
        <ele>780.946017</ele>
        <time>2026-02-21T15:45:03.117Z</time>
      </trkpt>
      <trkpt lat="47.568569" lon="10.012269">
        <ele>780.945796</ele>
        <time>2026-02-21T15:45:03.622Z</time>
      </trkpt>
      <trkpt lat="47.568558" lon="10.012270">
        <ele>780.945314</ele>
        <time>2026-02-21T15:45:04.724Z</time>
      </trkpt>
      <trkpt lat="47.568554" lon="10.012272">
        <ele>780.945130</ele>
        <time>2026-02-21T15:45:05.147Z</time>
      </trkpt>
      <trkpt lat="47.568550" lon="10.012274">
        <ele>780.944945</ele>
        <time>2026-02-21T15:45:05.569Z</time>
      </trkpt>
      <trkpt lat="47.568545" lon="10.012277">
        <ele>780.944709</ele>
        <time>2026-02-21T15:45:06.109Z</time>
      </trkpt>
      <trkpt lat="47.568540" lon="10.012279">
        <ele>780.944483</ele>
        <time>2026-02-21T15:45:06.628Z</time>
      </trkpt>
      <trkpt lat="47.568533" lon="10.012282">
        <ele>780.944164</ele>
        <time>2026-02-21T15:45:07.357Z</time>
      </trkpt>
      <trkpt lat="47.568525" lon="10.012284">
        <ele>780.943809</ele>
        <time>2026-02-21T15:45:08.169Z</time>
      </trkpt>
      <trkpt lat="47.568516" lon="10.012287">
        <ele>780.943406</ele>
        <time>2026-02-21T15:45:09.092Z</time>
      </trkpt>
      <trkpt lat="47.568506" lon="10.012290">
        <ele>780.942959</ele>
        <time>2026-02-21T15:45:10.113Z</time>
      </trkpt>
      <trkpt lat="47.568496" lon="10.012292">
        <ele>780.942518</ele>
        <time>2026-02-21T15:45:11.123Z</time>
      </trkpt>
      <trkpt lat="47.568486" lon="10.012295">
        <ele>780.942072</ele>
        <time>2026-02-21T15:45:12.145Z</time>
      </trkpt>
      <trkpt lat="47.568475" lon="10.012297">
        <ele>780.941587</ele>
        <time>2026-02-21T15:45:13.254Z</time>
      </trkpt>
      <trkpt lat="47.568464" lon="10.012299">
        <ele>780.941103</ele>
        <time>2026-02-21T15:45:14.363Z</time>
      </trkpt>
      <trkpt lat="47.568454" lon="10.012301">
        <ele>780.940661</ele>
        <time>2026-02-21T15:45:15.373Z</time>
      </trkpt>
      <trkpt lat="47.568444" lon="10.012304">
        <ele>780.940215</ele>
        <time>2026-02-21T15:45:16.394Z</time>
      </trkpt>
      <trkpt lat="47.568435" lon="10.012305">
        <ele>780.939821</ele>
        <time>2026-02-21T15:45:17.297Z</time>
      </trkpt>
      <trkpt lat="47.568426" lon="10.012307">
        <ele>780.939423</ele>
        <time>2026-02-21T15:45:18.208Z</time>
      </trkpt>
      <trkpt lat="47.568418" lon="10.012310">
        <ele>780.939062</ele>
        <time>2026-02-21T15:45:19.034Z</time>
      </trkpt>
      <trkpt lat="47.568409" lon="10.012313">
        <ele>780.938658</ele>
        <time>2026-02-21T15:45:19.957Z</time>
      </trkpt>
      <trkpt lat="47.568400" lon="10.012317">
        <ele>780.938247</ele>
        <time>2026-02-21T15:45:20.897Z</time>
      </trkpt>
      <trkpt lat="47.568391" lon="10.012320">
        <ele>780.937844</ele>
        <time>2026-02-21T15:45:21.821Z</time>
      </trkpt>
      <trkpt lat="47.568382" lon="10.012323">
        <ele>780.937440</ele>
        <time>2026-02-21T15:45:22.744Z</time>
      </trkpt>
      <trkpt lat="47.568373" lon="10.012325">
        <ele>780.937043</ele>
        <time>2026-02-21T15:45:23.655Z</time>
      </trkpt>
      <trkpt lat="47.568364" lon="10.012328">
        <ele>780.936639</ele>
        <time>2026-02-21T15:45:24.578Z</time>
      </trkpt>
      <trkpt lat="47.568354" lon="10.012331">
        <ele>780.936193</ele>
        <time>2026-02-21T15:45:25.599Z</time>
      </trkpt>
      <trkpt lat="47.568345" lon="10.012334">
        <ele>780.935789</ele>
        <time>2026-02-21T15:45:26.523Z</time>
      </trkpt>
      <trkpt lat="47.568335" lon="10.012337">
        <ele>780.935343</ele>
        <time>2026-02-21T15:45:27.544Z</time>
      </trkpt>
      <trkpt lat="47.568325" lon="10.012340">
        <ele>780.934897</ele>
        <time>2026-02-21T15:45:28.565Z</time>
      </trkpt>
      <trkpt lat="47.568315" lon="10.012343">
        <ele>780.934451</ele>
        <time>2026-02-21T15:45:29.586Z</time>
      </trkpt>
      <trkpt lat="47.568305" lon="10.012346">
        <ele>780.934005</ele>
        <time>2026-02-21T15:45:30.608Z</time>
      </trkpt>
      <trkpt lat="47.568296" lon="10.012349">
        <ele>780.933601</ele>
        <time>2026-02-21T15:45:31.531Z</time>
      </trkpt>
      <trkpt lat="47.568286" lon="10.012352">
        <ele>780.933155</ele>
        <time>2026-02-21T15:45:32.552Z</time>
      </trkpt>
      <trkpt lat="47.568277" lon="10.012355">
        <ele>780.932752</ele>
        <time>2026-02-21T15:45:33.475Z</time>
      </trkpt>
      <trkpt lat="47.568266" lon="10.012357">
        <ele>780.944922</ele>
        <time>2026-02-21T15:45:34.584Z</time>
      </trkpt>
      <trkpt lat="47.568256" lon="10.012360">
        <ele>780.966940</ele>
        <time>2026-02-21T15:45:35.605Z</time>
      </trkpt>
      <trkpt lat="47.568246" lon="10.012362">
        <ele>780.988716</ele>
        <time>2026-02-21T15:45:36.615Z</time>
      </trkpt>
      <trkpt lat="47.568236" lon="10.012364">
        <ele>781.010493</ele>
        <time>2026-02-21T15:45:37.625Z</time>
      </trkpt>
      <trkpt lat="47.568227" lon="10.012367">
        <ele>781.030400</ele>
        <time>2026-02-21T15:45:38.549Z</time>
      </trkpt>
      <trkpt lat="47.568218" lon="10.012369">
        <ele>781.050040</ele>
        <time>2026-02-21T15:45:39.459Z</time>
      </trkpt>
      <trkpt lat="47.568209" lon="10.012372">
        <ele>781.069948</ele>
        <time>2026-02-21T15:45:40.383Z</time>
      </trkpt>
      <trkpt lat="47.568201" lon="10.012376">
        <ele>781.088168</ele>
        <time>2026-02-21T15:45:41.228Z</time>
      </trkpt>
      <trkpt lat="47.568193" lon="10.012379">
        <ele>781.105977</ele>
        <time>2026-02-21T15:45:42.054Z</time>
      </trkpt>
      <trkpt lat="47.568184" lon="10.012383">
        <ele>781.126254</ele>
        <time>2026-02-21T15:45:42.995Z</time>
      </trkpt>
      <trkpt lat="47.568175" lon="10.012386">
        <ele>781.146161</ele>
        <time>2026-02-21T15:45:43.918Z</time>
      </trkpt>
      <trkpt lat="47.568166" lon="10.012389">
        <ele>781.166069</ele>
        <time>2026-02-21T15:45:44.841Z</time>
      </trkpt>
      <trkpt lat="47.568156" lon="10.012392">
        <ele>781.188087</ele>
        <time>2026-02-21T15:45:45.862Z</time>
      </trkpt>
      <trkpt lat="47.568146" lon="10.012395">
        <ele>781.210106</ele>
        <time>2026-02-21T15:45:46.883Z</time>
      </trkpt>
      <trkpt lat="47.568136" lon="10.012399">
        <ele>781.232458</ele>
        <time>2026-02-21T15:45:47.920Z</time>
      </trkpt>
      <trkpt lat="47.568125" lon="10.012403">
        <ele>781.256901</ele>
        <time>2026-02-21T15:45:49.054Z</time>
      </trkpt>
      <trkpt lat="47.568115" lon="10.012405">
        <ele>781.278677</ele>
        <time>2026-02-21T15:45:50.064Z</time>
      </trkpt>
      <trkpt lat="47.568104" lon="10.012408">
        <ele>781.302815</ele>
        <time>2026-02-21T15:45:51.183Z</time>
      </trkpt>
      <trkpt lat="47.568094" lon="10.012409">
        <ele>781.324444</ele>
        <time>2026-02-21T15:45:52.186Z</time>
      </trkpt>
      <trkpt lat="47.568083" lon="10.012410">
        <ele>781.348228</ele>
        <time>2026-02-21T15:45:53.289Z</time>
      </trkpt>
      <trkpt lat="47.568073" lon="10.012412">
        <ele>781.370004</ele>
        <time>2026-02-21T15:45:54.299Z</time>
      </trkpt>
      <trkpt lat="47.568064" lon="10.012414">
        <ele>781.389643</ele>
        <time>2026-02-21T15:45:55.210Z</time>
      </trkpt>
      <trkpt lat="47.568054" lon="10.012416">
        <ele>781.411420</ele>
        <time>2026-02-21T15:45:56.220Z</time>
      </trkpt>
      <trkpt lat="47.568045" lon="10.012419">
        <ele>781.431327</ele>
        <time>2026-02-21T15:45:57.144Z</time>
      </trkpt>
      <trkpt lat="47.568036" lon="10.012421">
        <ele>781.450967</ele>
        <time>2026-02-21T15:45:58.056Z</time>
      </trkpt>
      <trkpt lat="47.568026" lon="10.012424">
        <ele>781.472985</ele>
        <time>2026-02-21T15:45:59.077Z</time>
      </trkpt>
      <trkpt lat="47.568016" lon="10.012425">
        <ele>781.494615</ele>
        <time>2026-02-21T15:46:00.080Z</time>
      </trkpt>
      <trkpt lat="47.568005" lon="10.012426">
        <ele>781.518398</ele>
        <time>2026-02-21T15:46:01.183Z</time>
      </trkpt>
      <trkpt lat="47.567995" lon="10.012428">
        <ele>781.540175</ele>
        <time>2026-02-21T15:46:02.193Z</time>
      </trkpt>
      <trkpt lat="47.567984" lon="10.012429">
        <ele>781.563958</ele>
        <time>2026-02-21T15:46:03.296Z</time>
      </trkpt>
      <trkpt lat="47.567975" lon="10.012433">
        <ele>781.584235</ele>
        <time>2026-02-21T15:46:04.236Z</time>
      </trkpt>
      <trkpt lat="47.567966" lon="10.012436">
        <ele>781.604143</ele>
        <time>2026-02-21T15:46:05.159Z</time>
      </trkpt>
      <trkpt lat="47.567958" lon="10.012444">
        <ele>781.624969</ele>
        <time>2026-02-21T15:46:06.126Z</time>
      </trkpt>
      <trkpt lat="47.567950" lon="10.012451">
        <ele>781.645018</ele>
        <time>2026-02-21T15:46:07.056Z</time>
      </trkpt>
      <trkpt lat="47.567941" lon="10.012460">
        <ele>781.668448</ele>
        <time>2026-02-21T15:46:08.142Z</time>
      </trkpt>
      <trkpt lat="47.567933" lon="10.012469">
        <ele>781.690123</ele>
        <time>2026-02-21T15:46:09.148Z</time>
      </trkpt>
      <trkpt lat="47.567924" lon="10.012475">
        <ele>781.711420</ele>
        <time>2026-02-21T15:46:10.135Z</time>
      </trkpt>
      <trkpt lat="47.567915" lon="10.012482">
        <ele>781.733354</ele>
        <time>2026-02-21T15:46:11.152Z</time>
      </trkpt>
      <trkpt lat="47.567905" lon="10.012487">
        <ele>781.756130</ele>
        <time>2026-02-21T15:46:12.209Z</time>
      </trkpt>
      <trkpt lat="47.567896" lon="10.012492">
        <ele>781.776872</ele>
        <time>2026-02-21T15:46:13.172Z</time>
      </trkpt>
      <trkpt lat="47.567886" lon="10.012496">
        <ele>781.799225</ele>
        <time>2026-02-21T15:46:14.209Z</time>
      </trkpt>
      <trkpt lat="47.567877" lon="10.012501">
        <ele>781.819967</ele>
        <time>2026-02-21T15:46:15.171Z</time>
      </trkpt>
      <trkpt lat="47.567867" lon="10.012506">
        <ele>781.842743</ele>
        <time>2026-02-21T15:46:16.227Z</time>
      </trkpt>
      <trkpt lat="47.567857" lon="10.012511">
        <ele>781.865518</ele>
        <time>2026-02-21T15:46:17.283Z</time>
      </trkpt>
      <trkpt lat="47.567846" lon="10.012517">
        <ele>781.890814</ele>
        <time>2026-02-21T15:46:18.456Z</time>
      </trkpt>
      <trkpt lat="47.567835" lon="10.012523">
        <ele>781.916109</ele>
        <time>2026-02-21T15:46:19.630Z</time>
      </trkpt>
      <trkpt lat="47.567824" lon="10.012529">
        <ele>781.941404</ele>
        <time>2026-02-21T15:46:20.803Z</time>
      </trkpt>
      <trkpt lat="47.567813" lon="10.012534">
        <ele>781.966234</ele>
        <time>2026-02-21T15:46:21.955Z</time>
      </trkpt>
      <trkpt lat="47.567802" lon="10.012540">
        <ele>781.991530</ele>
        <time>2026-02-21T15:46:23.128Z</time>
      </trkpt>
      <trkpt lat="47.567791" lon="10.012546">
        <ele>782.016825</ele>
        <time>2026-02-21T15:46:24.301Z</time>
      </trkpt>
      <trkpt lat="47.567780" lon="10.012552">
        <ele>782.042120</ele>
        <time>2026-02-21T15:46:25.474Z</time>
      </trkpt>
      <trkpt lat="47.567770" lon="10.012559">
        <ele>782.065987</ele>
        <time>2026-02-21T15:46:26.581Z</time>
      </trkpt>
      <trkpt lat="47.567760" lon="10.012565">
        <ele>782.089269</ele>
        <time>2026-02-21T15:46:27.662Z</time>
      </trkpt>
      <trkpt lat="47.567750" lon="10.012572">
        <ele>782.113135</ele>
        <time>2026-02-21T15:46:28.770Z</time>
      </trkpt>
      <trkpt lat="47.567740" lon="10.012578">
        <ele>782.136417</ele>
        <time>2026-02-21T15:46:29.849Z</time>
      </trkpt>
      <trkpt lat="47.567731" lon="10.012583">
        <ele>782.157159</ele>
        <time>2026-02-21T15:46:30.811Z</time>
      </trkpt>
      <trkpt lat="47.567721" lon="10.012589">
        <ele>782.180441</ele>
        <time>2026-02-21T15:46:31.891Z</time>
      </trkpt>
      <trkpt lat="47.567712" lon="10.012595">
        <ele>782.201738</ele>
        <time>2026-02-21T15:46:32.879Z</time>
      </trkpt>
      <trkpt lat="47.567702" lon="10.012602">
        <ele>782.225605</ele>
        <time>2026-02-21T15:46:33.986Z</time>
      </trkpt>
      <trkpt lat="47.567692" lon="10.012608">
        <ele>782.248887</ele>
        <time>2026-02-21T15:46:35.066Z</time>
      </trkpt>
      <trkpt lat="47.567683" lon="10.012615">
        <ele>782.270821</ele>
        <time>2026-02-21T15:46:36.083Z</time>
      </trkpt>
      <trkpt lat="47.567674" lon="10.012622">
        <ele>782.292756</ele>
        <time>2026-02-21T15:46:37.101Z</time>
      </trkpt>
      <trkpt lat="47.567666" lon="10.012629">
        <ele>782.312805</ele>
        <time>2026-02-21T15:46:38.031Z</time>
      </trkpt>
      <trkpt lat="47.567657" lon="10.012636">
        <ele>782.334739</ele>
        <time>2026-02-21T15:46:39.048Z</time>
      </trkpt>
      <trkpt lat="47.567648" lon="10.012640">
        <ele>782.355016</ele>
        <time>2026-02-21T15:46:39.989Z</time>
      </trkpt>
      <trkpt lat="47.567639" lon="10.012645">
        <ele>782.375759</ele>
        <time>2026-02-21T15:46:40.951Z</time>
      </trkpt>
      <trkpt lat="47.567629" lon="10.012651">
        <ele>782.399041</ele>
        <time>2026-02-21T15:46:42.031Z</time>
      </trkpt>
      <trkpt lat="47.567619" lon="10.012657">
        <ele>782.422323</ele>
        <time>2026-02-21T15:46:43.111Z</time>
      </trkpt>
      <trkpt lat="47.567609" lon="10.012663">
        <ele>782.445604</ele>
        <time>2026-02-21T15:46:44.191Z</time>
      </trkpt>
      <trkpt lat="47.567599" lon="10.012670">
        <ele>782.469471</ele>
        <time>2026-02-21T15:46:45.299Z</time>
      </trkpt>
      <trkpt lat="47.567589" lon="10.012676">
        <ele>782.492753</ele>
        <time>2026-02-21T15:46:46.378Z</time>
      </trkpt>
      <trkpt lat="47.567580" lon="10.012682">
        <ele>782.514050</ele>
        <time>2026-02-21T15:46:47.366Z</time>
      </trkpt>
      <trkpt lat="47.567569" lon="10.012688">
        <ele>782.539345</ele>
        <time>2026-02-21T15:46:48.539Z</time>
      </trkpt>
      <trkpt lat="47.567559" lon="10.012695">
        <ele>782.563212</ele>
        <time>2026-02-21T15:46:49.646Z</time>
      </trkpt>
      <trkpt lat="47.567549" lon="10.012703">
        <ele>782.587736</ele>
        <time>2026-02-21T15:46:50.784Z</time>
      </trkpt>
      <trkpt lat="47.567540" lon="10.012711">
        <ele>782.610384</ele>
        <time>2026-02-21T15:46:51.834Z</time>
      </trkpt>
      <trkpt lat="47.567529" lon="10.012720">
        <ele>782.637499</ele>
        <time>2026-02-21T15:46:53.092Z</time>
      </trkpt>
      <trkpt lat="47.567519" lon="10.012729">
        <ele>782.662747</ele>
        <time>2026-02-21T15:46:54.263Z</time>
      </trkpt>
      <trkpt lat="47.567510" lon="10.012735">
        <ele>782.684044</ele>
        <time>2026-02-21T15:46:55.252Z</time>
      </trkpt>
      <trkpt lat="47.567501" lon="10.012742">
        <ele>782.705979</ele>
        <time>2026-02-21T15:46:56.269Z</time>
      </trkpt>
      <trkpt lat="47.567493" lon="10.012745">
        <ele>782.723787</ele>
        <time>2026-02-21T15:46:57.095Z</time>
      </trkpt>
      <trkpt lat="47.567485" lon="10.012749">
        <ele>782.742008</ele>
        <time>2026-02-21T15:46:57.941Z</time>
      </trkpt>
      <trkpt lat="47.567477" lon="10.012750">
        <ele>782.759334</ele>
        <time>2026-02-21T15:46:58.745Z</time>
      </trkpt>
      <trkpt lat="47.567469" lon="10.012752">
        <ele>782.776842</ele>
        <time>2026-02-21T15:46:59.557Z</time>
      </trkpt>
      <trkpt lat="47.567462" lon="10.012750">
        <ele>782.792227</ele>
        <time>2026-02-21T15:47:00.271Z</time>
      </trkpt>
      <trkpt lat="47.567454" lon="10.012749">
        <ele>782.809552</ele>
        <time>2026-02-21T15:47:01.075Z</time>
      </trkpt>
      <trkpt lat="47.567447" lon="10.012747">
        <ele>782.824937</ele>
        <time>2026-02-21T15:47:01.789Z</time>
      </trkpt>
      <trkpt lat="47.567440" lon="10.012744">
        <ele>782.840662</ele>
        <time>2026-02-21T15:47:02.518Z</time>
      </trkpt>
      <trkpt lat="47.567431" lon="10.012739">
        <ele>782.861405</ele>
        <time>2026-02-21T15:47:03.480Z</time>
      </trkpt>
      <trkpt lat="47.567423" lon="10.012735">
        <ele>782.879625</ele>
        <time>2026-02-21T15:47:04.325Z</time>
      </trkpt>
      <trkpt lat="47.567415" lon="10.012731">
        <ele>782.897846</ele>
        <time>2026-02-21T15:47:05.170Z</time>
      </trkpt>
      <trkpt lat="47.567407" lon="10.012728">
        <ele>782.915654</ele>
        <time>2026-02-21T15:47:05.996Z</time>
      </trkpt>
      <trkpt lat="47.567400" lon="10.012722">
        <ele>782.933105</ele>
        <time>2026-02-21T15:47:06.806Z</time>
      </trkpt>
      <trkpt lat="47.567393" lon="10.012717">
        <ele>782.949874</ele>
        <time>2026-02-21T15:47:07.584Z</time>
      </trkpt>
      <trkpt lat="47.567386" lon="10.012710">
        <ele>782.968098</ele>
        <time>2026-02-21T15:47:08.430Z</time>
      </trkpt>
      <trkpt lat="47.567379" lon="10.012704">
        <ele>782.985549</ele>
        <time>2026-02-21T15:47:09.239Z</time>
      </trkpt>
      <trkpt lat="47.567371" lon="10.012698">
        <ele>783.004898</ele>
        <time>2026-02-21T15:47:10.137Z</time>
      </trkpt>
      <trkpt lat="47.567364" lon="10.012691">
        <ele>783.023121</ele>
        <time>2026-02-21T15:47:10.983Z</time>
      </trkpt>
      <trkpt lat="47.567357" lon="10.012684">
        <ele>783.041345</ele>
        <time>2026-02-21T15:47:11.828Z</time>
      </trkpt>
      <trkpt lat="47.567350" lon="10.012676">
        <ele>783.060421</ele>
        <time>2026-02-21T15:47:12.713Z</time>
      </trkpt>
      <trkpt lat="47.567344" lon="10.012666">
        <ele>783.079906</ele>
        <time>2026-02-21T15:47:13.618Z</time>
      </trkpt>
      <trkpt lat="47.567338" lon="10.012655">
        <ele>783.100502</ele>
        <time>2026-02-21T15:47:14.574Z</time>
      </trkpt>
      <trkpt lat="47.567333" lon="10.012644">
        <ele>783.119815</ele>
        <time>2026-02-21T15:47:15.470Z</time>
      </trkpt>
      <trkpt lat="47.567327" lon="10.012633">
        <ele>783.140411</ele>
        <time>2026-02-21T15:47:16.426Z</time>
      </trkpt>
      <trkpt lat="47.567322" lon="10.012619">
        <ele>783.163476</ele>
        <time>2026-02-21T15:47:17.496Z</time>
      </trkpt>
      <trkpt lat="47.567317" lon="10.012605">
        <ele>783.186541</ele>
        <time>2026-02-21T15:47:18.566Z</time>
      </trkpt>
      <trkpt lat="47.567311" lon="10.012591">
        <ele>783.210691</ele>
        <time>2026-02-21T15:47:19.686Z</time>
      </trkpt>
      <trkpt lat="47.567306" lon="10.012576">
        <ele>783.235053</ele>
        <time>2026-02-21T15:47:20.816Z</time>
      </trkpt>
      <trkpt lat="47.567301" lon="10.012563">
        <ele>783.256841</ele>
        <time>2026-02-21T15:47:21.827Z</time>
      </trkpt>
      <trkpt lat="47.567295" lon="10.012550">
        <ele>783.279776</ele>
        <time>2026-02-21T15:47:22.891Z</time>
      </trkpt>
      <trkpt lat="47.567290" lon="10.012539">
        <ele>783.299088</ele>
        <time>2026-02-21T15:47:23.788Z</time>
      </trkpt>
      <trkpt lat="47.567285" lon="10.012527">
        <ele>783.319624</ele>
        <time>2026-02-21T15:47:24.740Z</time>
      </trkpt>
      <trkpt lat="47.567279" lon="10.012515">
        <ele>783.341372</ele>
        <time>2026-02-21T15:47:25.750Z</time>
      </trkpt>
      <trkpt lat="47.567273" lon="10.012502">
        <ele>783.364307</ele>
        <time>2026-02-21T15:47:26.814Z</time>
      </trkpt>
      <trkpt lat="47.567269" lon="10.012489">
        <ele>783.385111</ele>
        <time>2026-02-21T15:47:27.779Z</time>
      </trkpt>
      <trkpt lat="47.567264" lon="10.012475">
        <ele>783.408176</ele>
        <time>2026-02-21T15:47:28.850Z</time>
      </trkpt>
      <trkpt lat="47.567261" lon="10.012461">
        <ele>783.429565</ele>
        <time>2026-02-21T15:47:29.844Z</time>
      </trkpt>
      <trkpt lat="47.567259" lon="10.012447">
        <ele>783.450402</ele>
        <time>2026-02-21T15:47:30.810Z</time>
      </trkpt>
      <trkpt lat="47.567258" lon="10.012432">
        <ele>783.472350</ele>
        <time>2026-02-21T15:47:31.830Z</time>
      </trkpt>
      <trkpt lat="47.567258" lon="10.012416">
        <ele>783.495648</ele>
        <time>2026-02-21T15:47:32.910Z</time>
      </trkpt>
      <trkpt lat="47.567256" lon="10.012401">
        <ele>783.517911</ele>
        <time>2026-02-21T15:47:33.943Z</time>
      </trkpt>
      <trkpt lat="47.567254" lon="10.012387">
        <ele>783.538749</ele>
        <time>2026-02-21T15:47:34.909Z</time>
      </trkpt>
      <trkpt lat="47.567253" lon="10.012372">
        <ele>783.560696</ele>
        <time>2026-02-21T15:47:35.927Z</time>
      </trkpt>
      <trkpt lat="47.567251" lon="10.012356">
        <ele>783.584390</ele>
        <time>2026-02-21T15:47:37.026Z</time>
      </trkpt>
      <trkpt lat="47.567248" lon="10.012342">
        <ele>783.605779</ele>
        <time>2026-02-21T15:47:38.019Z</time>
      </trkpt>
      <trkpt lat="47.567246" lon="10.012327">
        <ele>783.628043</ele>
        <time>2026-02-21T15:47:39.052Z</time>
      </trkpt>
      <trkpt lat="47.567243" lon="10.012314">
        <ele>783.648049</ele>
        <time>2026-02-21T15:47:39.980Z</time>
      </trkpt>
      <trkpt lat="47.567240" lon="10.012301">
        <ele>783.668055</ele>
        <time>2026-02-21T15:47:40.909Z</time>
      </trkpt>
      <trkpt lat="47.567236" lon="10.012286">
        <ele>783.691540</ele>
        <time>2026-02-21T15:47:41.998Z</time>
      </trkpt>
      <trkpt lat="47.567233" lon="10.012272">
        <ele>783.712929</ele>
        <time>2026-02-21T15:47:42.991Z</time>
      </trkpt>
      <trkpt lat="47.567229" lon="10.012259">
        <ele>783.733733</ele>
        <time>2026-02-21T15:47:43.956Z</time>
      </trkpt>
      <trkpt lat="47.567225" lon="10.012246">
        <ele>783.754538</ele>
        <time>2026-02-21T15:47:44.922Z</time>
      </trkpt>
      <trkpt lat="47.567221" lon="10.012234">
        <ele>783.774027</ele>
        <time>2026-02-21T15:47:45.826Z</time>
      </trkpt>
      <trkpt lat="47.567217" lon="10.012222">
        <ele>783.793516</ele>
        <time>2026-02-21T15:47:46.731Z</time>
      </trkpt>
      <trkpt lat="47.567212" lon="10.012209">
        <ele>783.815305</ele>
        <time>2026-02-21T15:47:47.742Z</time>
      </trkpt>
      <trkpt lat="47.567208" lon="10.012197">
        <ele>783.834794</ele>
        <time>2026-02-21T15:47:48.646Z</time>
      </trkpt>
      <trkpt lat="47.567204" lon="10.012184">
        <ele>783.855599</ele>
        <time>2026-02-21T15:47:49.611Z</time>
      </trkpt>
      <trkpt lat="47.567200" lon="10.012171">
        <ele>783.876404</ele>
        <time>2026-02-21T15:47:50.576Z</time>
      </trkpt>
      <trkpt lat="47.567197" lon="10.012156">
        <ele>783.899184</ele>
        <time>2026-02-21T15:47:51.632Z</time>
      </trkpt>
      <trkpt lat="47.567194" lon="10.012142">
        <ele>783.920573</ele>
        <time>2026-02-21T15:47:52.624Z</time>
      </trkpt>
      <trkpt lat="47.567193" lon="10.012126">
        <ele>783.943970</ele>
        <time>2026-02-21T15:47:53.710Z</time>
      </trkpt>
      <trkpt lat="47.567191" lon="10.012110">
        <ele>783.967664</ele>
        <time>2026-02-21T15:47:54.809Z</time>
      </trkpt>
      <trkpt lat="47.567189" lon="10.012096">
        <ele>783.988502</ele>
        <time>2026-02-21T15:47:55.776Z</time>
      </trkpt>
      <trkpt lat="47.567187" lon="10.012082">
        <ele>784.009339</ele>
        <time>2026-02-21T15:47:56.743Z</time>
      </trkpt>
      <trkpt lat="47.567185" lon="10.012068">
        <ele>784.030176</ele>
        <time>2026-02-21T15:47:57.709Z</time>
      </trkpt>
      <trkpt lat="47.567182" lon="10.012055">
        <ele>784.050182</ele>
        <time>2026-02-21T15:47:58.638Z</time>
      </trkpt>
      <trkpt lat="47.567181" lon="10.012041">
        <ele>784.070681</ele>
        <time>2026-02-21T15:47:59.589Z</time>
      </trkpt>
      <trkpt lat="47.567180" lon="10.012028">
        <ele>784.089733</ele>
        <time>2026-02-21T15:48:00.473Z</time>
      </trkpt>
      <trkpt lat="47.567179" lon="10.012013">
        <ele>784.111681</ele>
        <time>2026-02-21T15:48:01.491Z</time>
      </trkpt>
      <trkpt lat="47.567179" lon="10.011999">
        <ele>784.132067</ele>
        <time>2026-02-21T15:48:02.438Z</time>
      </trkpt>
      <trkpt lat="47.567178" lon="10.011984">
        <ele>784.154014</ele>
        <time>2026-02-21T15:48:03.456Z</time>
      </trkpt>
      <trkpt lat="47.567178" lon="10.011968">
        <ele>784.177312</ele>
        <time>2026-02-21T15:48:04.541Z</time>
      </trkpt>
      <trkpt lat="47.567177" lon="10.011952">
        <ele>784.200709</ele>
        <time>2026-02-21T15:48:05.626Z</time>
      </trkpt>
      <trkpt lat="47.567177" lon="10.011936">
        <ele>784.224007</ele>
        <time>2026-02-21T15:48:06.706Z</time>
      </trkpt>
      <trkpt lat="47.567178" lon="10.011921">
        <ele>784.245955</ele>
        <time>2026-02-21T15:48:07.724Z</time>
      </trkpt>
      <trkpt lat="47.567179" lon="10.011906">
        <ele>784.267903</ele>
        <time>2026-02-21T15:48:08.743Z</time>
      </trkpt>
      <trkpt lat="47.567180" lon="10.011893">
        <ele>784.286955</ele>
        <time>2026-02-21T15:48:09.627Z</time>
      </trkpt>
      <trkpt lat="47.567182" lon="10.011880">
        <ele>784.306370</ele>
        <time>2026-02-21T15:48:10.527Z</time>
      </trkpt>
      <trkpt lat="47.567187" lon="10.011870">
        <ele>784.324493</ele>
        <time>2026-02-21T15:48:11.368Z</time>
      </trkpt>
      <trkpt lat="47.567191" lon="10.011860">
        <ele>784.341420</ele>
        <time>2026-02-21T15:48:12.153Z</time>
      </trkpt>
      <trkpt lat="47.567194" lon="10.011850">
        <ele>784.357356</ele>
        <time>2026-02-21T15:48:12.893Z</time>
      </trkpt>
      <trkpt lat="47.567197" lon="10.011840">
        <ele>784.373291</ele>
        <time>2026-02-21T15:48:13.632Z</time>
      </trkpt>
      <trkpt lat="47.567197" lon="10.011829">
        <ele>784.389308</ele>
        <time>2026-02-21T15:48:14.375Z</time>
      </trkpt>
      <trkpt lat="47.567197" lon="10.011818">
        <ele>784.405325</ele>
        <time>2026-02-21T15:48:15.119Z</time>
      </trkpt>
      <trkpt lat="47.567194" lon="10.011807">
        <ele>784.422601</ele>
        <time>2026-02-21T15:48:15.920Z</time>
      </trkpt>
      <trkpt lat="47.567191" lon="10.011795">
        <ele>784.441235</ele>
        <time>2026-02-21T15:48:16.784Z</time>
      </trkpt>
      <trkpt lat="47.567187" lon="10.011783">
        <ele>784.460725</ele>
        <time>2026-02-21T15:48:17.689Z</time>
      </trkpt>
      <trkpt lat="47.567183" lon="10.011770">
        <ele>784.481529</ele>
        <time>2026-02-21T15:48:18.654Z</time>
      </trkpt>
      <trkpt lat="47.567179" lon="10.011759">
        <ele>784.499724</ele>
        <time>2026-02-21T15:48:19.498Z</time>
      </trkpt>
      <trkpt lat="47.567175" lon="10.011748">
        <ele>784.517920</ele>
        <time>2026-02-21T15:48:20.350Z</time>
      </trkpt>
      <trkpt lat="47.567172" lon="10.011739">
        <ele>784.532536</ele>
        <time>2026-02-21T15:48:21.028Z</time>
      </trkpt>
      <trkpt lat="47.567169" lon="10.011729">
        <ele>784.548472</ele>
        <time>2026-02-21T15:48:21.767Z</time>
      </trkpt>
      <trkpt lat="47.567165" lon="10.011723">
        <ele>784.560754</ele>
        <time>2026-02-21T15:48:22.337Z</time>
      </trkpt>
      <trkpt lat="47.567161" lon="10.011716">
        <ele>784.574111</ele>
        <time>2026-02-21T15:48:22.957Z</time>
      </trkpt>
      <trkpt lat="47.567157" lon="10.011710">
        <ele>784.586392</ele>
        <time>2026-02-21T15:48:23.526Z</time>
      </trkpt>
      <trkpt lat="47.567152" lon="10.011703">
        <ele>784.601236</ele>
        <time>2026-02-21T15:48:24.215Z</time>
      </trkpt>
      <trkpt lat="47.567148" lon="10.011696">
        <ele>784.614593</ele>
        <time>2026-02-21T15:48:24.835Z</time>
      </trkpt>
      <trkpt lat="47.567144" lon="10.011688">
        <ele>784.629091</ele>
        <time>2026-02-21T15:48:25.507Z</time>
      </trkpt>
      <trkpt lat="47.567140" lon="10.011682">
        <ele>784.641373</ele>
        <time>2026-02-21T15:48:26.077Z</time>
      </trkpt>
      <trkpt lat="47.567136" lon="10.011676">
        <ele>784.653655</ele>
        <time>2026-02-21T15:48:26.647Z</time>
      </trkpt>
      <trkpt lat="47.567132" lon="10.011670">
        <ele>784.665937</ele>
        <time>2026-02-21T15:48:27.217Z</time>
      </trkpt>
      <trkpt lat="47.567127" lon="10.011661">
        <ele>784.682912</ele>
        <time>2026-02-21T15:48:28.004Z</time>
      </trkpt>
      <trkpt lat="47.567122" lon="10.011652">
        <ele>784.699888</ele>
        <time>2026-02-21T15:48:28.792Z</time>
      </trkpt>
      <trkpt lat="47.567117" lon="10.011643">
        <ele>784.716863</ele>
        <time>2026-02-21T15:48:29.580Z</time>
      </trkpt>
      <trkpt lat="47.567113" lon="10.011634">
        <ele>784.732556</ele>
        <time>2026-02-21T15:48:30.308Z</time>
      </trkpt>
      <trkpt lat="47.567108" lon="10.011624">
        <ele>784.750679</ele>
        <time>2026-02-21T15:48:31.148Z</time>
      </trkpt>
      <trkpt lat="47.567104" lon="10.011615">
        <ele>784.766372</ele>
        <time>2026-02-21T15:48:31.876Z</time>
      </trkpt>
      <trkpt lat="47.567099" lon="10.011607">
        <ele>784.782250</ele>
        <time>2026-02-21T15:48:32.614Z</time>
      </trkpt>
      <trkpt lat="47.567095" lon="10.011598">
        <ele>784.797943</ele>
        <time>2026-02-21T15:48:33.342Z</time>
      </trkpt>
      <trkpt lat="47.567090" lon="10.011589">
        <ele>784.814071</ele>
        <time>2026-02-21T15:48:34.129Z</time>
      </trkpt>
      <trkpt lat="47.567086" lon="10.011579">
        <ele>784.813432</ele>
        <time>2026-02-21T15:48:34.914Z</time>
      </trkpt>
      <trkpt lat="47.567083" lon="10.011572">
        <ele>784.812976</ele>
        <time>2026-02-21T15:48:35.487Z</time>
      </trkpt>
      <trkpt lat="47.567079" lon="10.011566">
        <ele>784.812512</ele>
        <time>2026-02-21T15:48:36.057Z</time>
      </trkpt>
      <trkpt lat="47.567076" lon="10.011559">
        <ele>784.812056</ele>
        <time>2026-02-21T15:48:36.617Z</time>
      </trkpt>
      <trkpt lat="47.567070" lon="10.011552">
        <ele>784.811433</ele>
        <time>2026-02-21T15:48:37.381Z</time>
      </trkpt>
      <trkpt lat="47.567065" lon="10.011546">
        <ele>784.810909</ele>
        <time>2026-02-21T15:48:38.025Z</time>
      </trkpt>
      <trkpt lat="47.567059" lon="10.011542">
        <ele>784.810372</ele>
        <time>2026-02-21T15:48:38.684Z</time>
      </trkpt>
      <trkpt lat="47.567053" lon="10.011580">
        <ele>784.808226</ele>
        <time>2026-02-21T15:48:41.325Z</time>
      </trkpt>
      <trkpt lat="47.566667" lon="10.011457">
        <ele>784.776038</ele>
        <time>2026-02-21T15:49:23.168Z</time>
      </trkpt>
      <trkpt lat="47.566386" lon="10.011636">
        <ele>784.751103</ele>
        <time>2026-02-21T15:49:54.343Z</time>
      </trkpt>
      <trkpt lat="47.566386" lon="10.011636">
        <ele>784.751103</ele>
        <time>2026-02-21T15:49:54.460Z</time>
      </trkpt>
      <trkpt lat="47.566386" lon="10.011636">
        <ele>784.751103</ele>
        <time>2026-02-21T15:49:54.460Z</time>
      </trkpt>
      <trkpt lat="47.566415" lon="10.011717">
        <ele>784.746059</ele>
        <time>2026-02-21T15:50:00.651Z</time>
      </trkpt>
      <trkpt lat="47.566404" lon="10.011726">
        <ele>784.745035</ele>
        <time>2026-02-21T15:50:01.909Z</time>
      </trkpt>
      <trkpt lat="47.566393" lon="10.011735">
        <ele>784.744010</ele>
        <time>2026-02-21T15:50:03.167Z</time>
      </trkpt>
      <trkpt lat="47.566382" lon="10.011744">
        <ele>784.742986</ele>
        <time>2026-02-21T15:50:04.424Z</time>
      </trkpt>
      <trkpt lat="47.566370" lon="10.011754">
        <ele>784.741864</ele>
        <time>2026-02-21T15:50:05.802Z</time>
      </trkpt>
      <trkpt lat="47.566359" lon="10.011762">
        <ele>784.740865</ele>
        <time>2026-02-21T15:50:07.028Z</time>
      </trkpt>
      <trkpt lat="47.566348" lon="10.011771">
        <ele>784.739841</ele>
        <time>2026-02-21T15:50:08.286Z</time>
      </trkpt>
      <trkpt lat="47.566338" lon="10.011779">
        <ele>784.738914</ele>
        <time>2026-02-21T15:50:09.423Z</time>
      </trkpt>
      <trkpt lat="47.566327" lon="10.011788">
        <ele>784.737890</ele>
        <time>2026-02-21T15:50:10.693Z</time>
      </trkpt>
      <trkpt lat="47.566316" lon="10.011795">
        <ele>784.736914</ele>
        <time>2026-02-21T15:50:11.891Z</time>
      </trkpt>
      <trkpt lat="47.566306" lon="10.011803">
        <ele>784.735987</ele>
        <time>2026-02-21T15:50:13.029Z</time>
      </trkpt>
      <trkpt lat="47.566296" lon="10.011809">
        <ele>784.735108</ele>
        <time>2026-02-21T15:50:14.108Z</time>
      </trkpt>
      <trkpt lat="47.566285" lon="10.011815">
        <ele>784.734152</ele>
        <time>2026-02-21T15:50:15.282Z</time>
      </trkpt>
      <trkpt lat="47.566275" lon="10.011821">
        <ele>784.733273</ele>
        <time>2026-02-21T15:50:16.361Z</time>
      </trkpt>
      <trkpt lat="47.566264" lon="10.011827">
        <ele>784.732317</ele>
        <time>2026-02-21T15:50:17.534Z</time>
      </trkpt>
      <trkpt lat="47.566255" lon="10.011834">
        <ele>784.731489</ele>
        <time>2026-02-21T15:50:18.552Z</time>
      </trkpt>
      <trkpt lat="47.566246" lon="10.011842">
        <ele>784.730633</ele>
        <time>2026-02-21T15:50:19.602Z</time>
      </trkpt>
      <trkpt lat="47.566239" lon="10.011851">
        <ele>784.729877</ele>
        <time>2026-02-21T15:50:20.530Z</time>
      </trkpt>
      <trkpt lat="47.566233" lon="10.011861">
        <ele>784.729141</ele>
        <time>2026-02-21T15:50:21.433Z</time>
      </trkpt>
      <trkpt lat="47.566229" lon="10.011871">
        <ele>784.728502</ele>
        <time>2026-02-21T15:50:22.218Z</time>
      </trkpt>
      <trkpt lat="47.566226" lon="10.011881">
        <ele>784.727900</ele>
        <time>2026-02-21T15:50:22.957Z</time>
      </trkpt>
      <trkpt lat="47.566224" lon="10.011890">
        <ele>784.727379</ele>
        <time>2026-02-21T15:50:23.597Z</time>
      </trkpt>
      <trkpt lat="47.566223" lon="10.011900">
        <ele>784.726823</ele>
        <time>2026-02-21T15:50:24.280Z</time>
      </trkpt>
      <trkpt lat="47.566220" lon="10.011910">
        <ele>784.726221</ele>
        <time>2026-02-21T15:50:25.019Z</time>
      </trkpt>
      <trkpt lat="47.566218" lon="10.011919">
        <ele>784.725699</ele>
        <time>2026-02-21T15:50:25.677Z</time>
      </trkpt>
      <trkpt lat="47.566214" lon="10.011928">
        <ele>784.725107</ele>
        <time>2026-02-21T15:50:26.405Z</time>
      </trkpt>
      <trkpt lat="47.566209" lon="10.011936">
        <ele>784.724507</ele>
        <time>2026-02-21T15:50:27.141Z</time>
      </trkpt>
      <trkpt lat="47.566204" lon="10.011945">
        <ele>784.723865</ele>
        <time>2026-02-21T15:50:27.928Z</time>
      </trkpt>
      <trkpt lat="47.566200" lon="10.011954">
        <ele>784.723273</ele>
        <time>2026-02-21T15:50:28.656Z</time>
      </trkpt>
      <trkpt lat="47.566196" lon="10.011966">
        <ele>784.722536</ele>
        <time>2026-02-21T15:50:29.560Z</time>
      </trkpt>
      <trkpt lat="47.566192" lon="10.011978">
        <ele>784.721800</ele>
        <time>2026-02-21T15:50:30.464Z</time>
      </trkpt>
      <trkpt lat="47.566188" lon="10.011991">
        <ele>784.721014</ele>
        <time>2026-02-21T15:50:31.429Z</time>
      </trkpt>
      <trkpt lat="47.566184" lon="10.012004">
        <ele>784.720228</ele>
        <time>2026-02-21T15:50:32.393Z</time>
      </trkpt>
      <trkpt lat="47.566181" lon="10.012018">
        <ele>784.719420</ele>
        <time>2026-02-21T15:50:33.385Z</time>
      </trkpt>
      <trkpt lat="47.566177" lon="10.012032">
        <ele>784.718584</ele>
        <time>2026-02-21T15:50:34.412Z</time>
      </trkpt>
      <trkpt lat="47.566173" lon="10.012046">
        <ele>784.717748</ele>
        <time>2026-02-21T15:50:35.439Z</time>
      </trkpt>
      <trkpt lat="47.566169" lon="10.012060">
        <ele>784.716911</ele>
        <time>2026-02-21T15:50:36.465Z</time>
      </trkpt>
      <trkpt lat="47.566165" lon="10.012074">
        <ele>784.716075</ele>
        <time>2026-02-21T15:50:37.492Z</time>
      </trkpt>
      <trkpt lat="47.566161" lon="10.012089">
        <ele>784.715188</ele>
        <time>2026-02-21T15:50:38.581Z</time>
      </trkpt>
      <trkpt lat="47.566156" lon="10.012103">
        <ele>784.714316</ele>
        <time>2026-02-21T15:50:39.651Z</time>
      </trkpt>
      <trkpt lat="47.566152" lon="10.012117">
        <ele>784.713480</ele>
        <time>2026-02-21T15:50:40.689Z</time>
      </trkpt>
      <trkpt lat="47.566148" lon="10.012131">
        <ele>784.712644</ele>
        <time>2026-02-21T15:50:41.716Z</time>
      </trkpt>
      <trkpt lat="47.566144" lon="10.012145">
        <ele>784.711807</ele>
        <time>2026-02-21T15:50:42.742Z</time>
      </trkpt>
      <trkpt lat="47.566142" lon="10.012156">
        <ele>784.711181</ele>
        <time>2026-02-21T15:50:43.512Z</time>
      </trkpt>
      <trkpt lat="47.566140" lon="10.012167">
        <ele>784.710554</ele>
        <time>2026-02-21T15:50:44.281Z</time>
      </trkpt>
      <trkpt lat="47.566138" lon="10.012178">
        <ele>784.709927</ele>
        <time>2026-02-21T15:50:45.050Z</time>
      </trkpt>
      <trkpt lat="47.566137" lon="10.012194">
        <ele>784.709044</ele>
        <time>2026-02-21T15:50:46.135Z</time>
      </trkpt>
      <trkpt lat="47.566136" lon="10.012210">
        <ele>784.708160</ele>
        <time>2026-02-21T15:50:47.220Z</time>
      </trkpt>
      <trkpt lat="47.566137" lon="10.012225">
        <ele>784.707331</ele>
        <time>2026-02-21T15:50:48.238Z</time>
      </trkpt>
      <trkpt lat="47.566138" lon="10.012241">
        <ele>784.706447</ele>
        <time>2026-02-21T15:50:49.323Z</time>
      </trkpt>
      <trkpt lat="47.566140" lon="10.012256">
        <ele>784.705606</ele>
        <time>2026-02-21T15:50:50.356Z</time>
      </trkpt>
      <trkpt lat="47.566141" lon="10.012272">
        <ele>784.704722</ele>
        <time>2026-02-21T15:50:51.441Z</time>
      </trkpt>
      <trkpt lat="47.566142" lon="10.012288">
        <ele>784.703838</ele>
        <time>2026-02-21T15:50:52.526Z</time>
      </trkpt>
      <trkpt lat="47.566142" lon="10.012303">
        <ele>784.703013</ele>
        <time>2026-02-21T15:50:53.539Z</time>
      </trkpt>
      <trkpt lat="47.566143" lon="10.012317">
        <ele>784.702238</ele>
        <time>2026-02-21T15:50:54.489Z</time>
      </trkpt>
      <trkpt lat="47.566143" lon="10.012331">
        <ele>784.701468</ele>
        <time>2026-02-21T15:50:55.435Z</time>
      </trkpt>
      <trkpt lat="47.566143" lon="10.012344">
        <ele>784.700753</ele>
        <time>2026-02-21T15:50:56.328Z</time>
      </trkpt>
      <trkpt lat="47.566144" lon="10.012356">
        <ele>784.700088</ele>
        <time>2026-02-21T15:50:57.145Z</time>
      </trkpt>
      <trkpt lat="47.566144" lon="10.012368">
        <ele>784.699428</ele>
        <time>2026-02-21T15:50:57.955Z</time>
      </trkpt>
      <trkpt lat="47.566145" lon="10.012380">
        <ele>784.698763</ele>
        <time>2026-02-21T15:50:58.772Z</time>
      </trkpt>
      <trkpt lat="47.566145" lon="10.012392">
        <ele>784.698103</ele>
        <time>2026-02-21T15:50:59.582Z</time>
      </trkpt>
      <trkpt lat="47.566146" lon="10.012404">
        <ele>784.697438</ele>
        <time>2026-02-21T15:51:00.399Z</time>
      </trkpt>
      <trkpt lat="47.566146" lon="10.012416">
        <ele>784.696777</ele>
        <time>2026-02-21T15:51:01.209Z</time>
      </trkpt>
      <trkpt lat="47.566147" lon="10.012428">
        <ele>784.696112</ele>
        <time>2026-02-21T15:51:02.025Z</time>
      </trkpt>
      <trkpt lat="47.566149" lon="10.012440">
        <ele>784.695432</ele>
        <time>2026-02-21T15:51:02.860Z</time>
      </trkpt>
      <trkpt lat="47.566151" lon="10.012452">
        <ele>784.694752</ele>
        <time>2026-02-21T15:51:03.695Z</time>
      </trkpt>
      <trkpt lat="47.566154" lon="10.012465">
        <ele>784.693997</ele>
        <time>2026-02-21T15:51:04.622Z</time>
      </trkpt>
      <trkpt lat="47.566157" lon="10.012477">
        <ele>784.693293</ele>
        <time>2026-02-21T15:51:05.487Z</time>
      </trkpt>
      <trkpt lat="47.566161" lon="10.012489">
        <ele>784.692557</ele>
        <time>2026-02-21T15:51:06.390Z</time>
      </trkpt>
      <trkpt lat="47.566164" lon="10.012502">
        <ele>784.691801</ele>
        <time>2026-02-21T15:51:07.318Z</time>
      </trkpt>
      <trkpt lat="47.566168" lon="10.012513">
        <ele>784.691113</ele>
        <time>2026-02-21T15:51:08.162Z</time>
      </trkpt>
      <trkpt lat="47.566171" lon="10.012524">
        <ele>784.690461</ele>
        <time>2026-02-21T15:51:08.963Z</time>
      </trkpt>
      <trkpt lat="47.566175" lon="10.012535">
        <ele>784.689773</ele>
        <time>2026-02-21T15:51:09.807Z</time>
      </trkpt>
      <trkpt lat="47.566178" lon="10.012545">
        <ele>784.689171</ele>
        <time>2026-02-21T15:51:10.546Z</time>
      </trkpt>
      <trkpt lat="47.566181" lon="10.012555">
        <ele>784.688569</ele>
        <time>2026-02-21T15:51:11.301Z</time>
      </trkpt>
      <trkpt lat="47.566185" lon="10.012565">
        <ele>784.687930</ele>
        <time>2026-02-21T15:51:12.088Z</time>
      </trkpt>
      <trkpt lat="47.566188" lon="10.012575">
        <ele>784.687328</ele>
        <time>2026-02-21T15:51:12.827Z</time>
      </trkpt>
      <trkpt lat="47.566191" lon="10.012585">
        <ele>784.686726</ele>
        <time>2026-02-21T15:51:13.566Z</time>
      </trkpt>
      <trkpt lat="47.566193" lon="10.012595">
        <ele>784.686152</ele>
        <time>2026-02-21T15:51:14.270Z</time>
      </trkpt>
      <trkpt lat="47.566196" lon="10.012604">
        <ele>784.685600</ele>
        <time>2026-02-21T15:51:14.948Z</time>
      </trkpt>
      <trkpt lat="47.566199" lon="10.012613">
        <ele>784.685048</ele>
        <time>2026-02-21T15:51:15.626Z</time>
      </trkpt>
      <trkpt lat="47.566202" lon="10.012622">
        <ele>784.684496</ele>
        <time>2026-02-21T15:51:16.304Z</time>
      </trkpt>
      <trkpt lat="47.566206" lon="10.012638">
        <ele>784.683557</ele>
        <time>2026-02-21T15:51:17.456Z</time>
      </trkpt>
      <trkpt lat="47.566209" lon="10.012644">
        <ele>784.683146</ele>
        <time>2026-02-21T15:51:17.960Z</time>
      </trkpt>
      <trkpt lat="47.566211" lon="10.012650">
        <ele>784.682778</ele>
        <time>2026-02-21T15:51:18.412Z</time>
      </trkpt>
      <trkpt lat="47.566214" lon="10.012656">
        <ele>784.682367</ele>
        <time>2026-02-21T15:51:18.916Z</time>
      </trkpt>
      <trkpt lat="47.566217" lon="10.012662">
        <ele>784.681957</ele>
        <time>2026-02-21T15:51:19.421Z</time>
      </trkpt>
      <trkpt lat="47.566220" lon="10.012669">
        <ele>784.681500</ele>
        <time>2026-02-21T15:51:19.981Z</time>
      </trkpt>
      <trkpt lat="47.566223" lon="10.012676">
        <ele>784.681044</ele>
        <time>2026-02-21T15:51:20.541Z</time>
      </trkpt>
      <trkpt lat="47.566230" lon="10.012695">
        <ele>784.679853</ele>
        <time>2026-02-21T15:51:22.003Z</time>
      </trkpt>
      <trkpt lat="47.566239" lon="10.012721">
        <ele>784.678246</ele>
        <time>2026-02-21T15:51:23.976Z</time>
      </trkpt>
      <trkpt lat="47.566251" lon="10.012750">
        <ele>784.676375</ele>
        <time>2026-02-21T15:51:26.274Z</time>
      </trkpt>
      <trkpt lat="47.566266" lon="10.012780">
        <ele>784.674321</ele>
        <time>2026-02-21T15:51:28.802Z</time>
      </trkpt>
      <trkpt lat="47.566278" lon="10.012803">
        <ele>784.672721</ele>
        <time>2026-02-21T15:51:30.766Z</time>
      </trkpt>
      <trkpt lat="47.566286" lon="10.012818">
        <ele>784.671670</ele>
        <time>2026-02-21T15:51:32.057Z</time>
      </trkpt>
      <trkpt lat="47.566294" lon="10.012834">
        <ele>784.670574</ele>
        <time>2026-02-21T15:51:33.401Z</time>
      </trkpt>
      <trkpt lat="47.566298" lon="10.012845">
        <ele>784.669887</ele>
        <time>2026-02-21T15:51:34.245Z</time>
      </trkpt>
      <trkpt lat="47.566302" lon="10.012857">
        <ele>784.669151</ele>
        <time>2026-02-21T15:51:35.149Z</time>
      </trkpt>
      <trkpt lat="47.566305" lon="10.012867">
        <ele>784.668549</ele>
        <time>2026-02-21T15:51:35.888Z</time>
      </trkpt>
      <trkpt lat="47.566307" lon="10.012878">
        <ele>784.667922</ele>
        <time>2026-02-21T15:51:36.657Z</time>
      </trkpt>
      <trkpt lat="47.566308" lon="10.012888">
        <ele>784.665497</ele>
        <time>2026-02-21T15:51:37.340Z</time>
      </trkpt>
      <trkpt lat="47.566310" lon="10.012898">
        <ele>784.654481</ele>
        <time>2026-02-21T15:51:38.044Z</time>
      </trkpt>
      <trkpt lat="47.566310" lon="10.012908">
        <ele>784.643919</ele>
        <time>2026-02-21T15:51:38.720Z</time>
      </trkpt>
      <trkpt lat="47.566311" lon="10.012919">
        <ele>784.632195</ele>
        <time>2026-02-21T15:51:39.469Z</time>
      </trkpt>
      <trkpt lat="47.566311" lon="10.012931">
        <ele>784.619521</ele>
        <time>2026-02-21T15:51:40.279Z</time>
      </trkpt>
      <trkpt lat="47.566311" lon="10.012943">
        <ele>784.606846</ele>
        <time>2026-02-21T15:51:41.090Z</time>
      </trkpt>
      <trkpt lat="47.566309" lon="10.012956">
        <ele>784.592763</ele>
        <time>2026-02-21T15:51:42.005Z</time>
      </trkpt>
      <trkpt lat="47.566307" lon="10.012970">
        <ele>784.577648</ele>
        <time>2026-02-21T15:51:42.972Z</time>
      </trkpt>
      <trkpt lat="47.566299" lon="10.012984">
        <ele>784.558271</ele>
        <time>2026-02-21T15:51:44.211Z</time>
      </trkpt>
      <trkpt lat="47.566294" lon="10.012994">
        <ele>784.545125</ele>
        <time>2026-02-21T15:51:45.052Z</time>
      </trkpt>
      <trkpt lat="47.566288" lon="10.013004">
        <ele>784.530991</ele>
        <time>2026-02-21T15:51:45.955Z</time>
      </trkpt>
      <trkpt lat="47.566284" lon="10.013015">
        <ele>784.517793</ele>
        <time>2026-02-21T15:51:46.799Z</time>
      </trkpt>
      <trkpt lat="47.566280" lon="10.013026">
        <ele>784.504595</ele>
        <time>2026-02-21T15:51:47.643Z</time>
      </trkpt>
      <trkpt lat="47.566277" lon="10.013041">
        <ele>784.488070</ele>
        <time>2026-02-21T15:51:48.699Z</time>
      </trkpt>
      <trkpt lat="47.566274" lon="10.013055">
        <ele>784.472555</ele>
        <time>2026-02-21T15:51:49.691Z</time>
      </trkpt>
      <trkpt lat="47.566272" lon="10.013073">
        <ele>784.453288</ele>
        <time>2026-02-21T15:51:50.923Z</time>
      </trkpt>
      <trkpt lat="47.566269" lon="10.013091">
        <ele>784.433704</ele>
        <time>2026-02-21T15:51:52.175Z</time>
      </trkpt>
      <trkpt lat="47.566267" lon="10.013110">
        <ele>784.413394</ele>
        <time>2026-02-21T15:51:53.474Z</time>
      </trkpt>
      <trkpt lat="47.566265" lon="10.013129">
        <ele>784.393083</ele>
        <time>2026-02-21T15:51:54.772Z</time>
      </trkpt>
      <trkpt lat="47.566263" lon="10.013150">
        <ele>784.370683</ele>
        <time>2026-02-21T15:51:56.204Z</time>
      </trkpt>
      <trkpt lat="47.566261" lon="10.013170">
        <ele>784.349328</ele>
        <time>2026-02-21T15:51:57.572Z</time>
      </trkpt>
      <trkpt lat="47.566260" lon="10.013189">
        <ele>784.329199</ele>
        <time>2026-02-21T15:51:58.860Z</time>
      </trkpt>
      <trkpt lat="47.566259" lon="10.013209">
        <ele>784.308016</ele>
        <time>2026-02-21T15:52:00.214Z</time>
      </trkpt>
      <trkpt lat="47.566259" lon="10.013227">
        <ele>784.289005</ele>
        <time>2026-02-21T15:52:01.429Z</time>
      </trkpt>
      <trkpt lat="47.566259" lon="10.013246">
        <ele>784.268937</ele>
        <time>2026-02-21T15:52:02.712Z</time>
      </trkpt>
      <trkpt lat="47.566258" lon="10.013264">
        <ele>784.249860</ele>
        <time>2026-02-21T15:52:03.932Z</time>
      </trkpt>
      <trkpt lat="47.566257" lon="10.013282">
        <ele>784.230784</ele>
        <time>2026-02-21T15:52:05.151Z</time>
      </trkpt>
      <trkpt lat="47.566255" lon="10.013299">
        <ele>784.212558</ele>
        <time>2026-02-21T15:52:06.317Z</time>
      </trkpt>
      <trkpt lat="47.566254" lon="10.013317">
        <ele>784.193482</ele>
        <time>2026-02-21T15:52:07.536Z</time>
      </trkpt>
      <trkpt lat="47.566250" lon="10.013333">
        <ele>784.175460</ele>
        <time>2026-02-21T15:52:08.688Z</time>
      </trkpt>
      <trkpt lat="47.566246" lon="10.013349">
        <ele>784.157437</ele>
        <time>2026-02-21T15:52:09.841Z</time>
      </trkpt>
      <trkpt lat="47.566240" lon="10.013365">
        <ele>784.138104</ele>
        <time>2026-02-21T15:52:11.077Z</time>
      </trkpt>
      <trkpt lat="47.566235" lon="10.013381">
        <ele>784.119480</ele>
        <time>2026-02-21T15:52:12.268Z</time>
      </trkpt>
      <trkpt lat="47.566227" lon="10.013398">
        <ele>784.097588</ele>
        <time>2026-02-21T15:52:13.669Z</time>
      </trkpt>
      <trkpt lat="47.566220" lon="10.013414">
        <ele>784.077447</ele>
        <time>2026-02-21T15:52:14.957Z</time>
      </trkpt>
      <trkpt lat="47.566213" lon="10.013431">
        <ele>784.056412</ele>
        <time>2026-02-21T15:52:16.301Z</time>
      </trkpt>
      <trkpt lat="47.566206" lon="10.013448">
        <ele>784.035377</ele>
        <time>2026-02-21T15:52:17.646Z</time>
      </trkpt>
      <trkpt lat="47.566133" lon="10.013523">
        <ele>783.896333</ele>
        <time>2026-02-21T15:52:26.569Z</time>
      </trkpt>
      <trkpt lat="47.565643" lon="10.014106">
        <ele>782.912710</ele>
        <time>2026-02-21T15:53:31.498Z</time>
      </trkpt>
      <trkpt lat="47.564938" lon="10.014092">
        <ele>781.821044</ele>
        <time>2026-02-21T15:54:44.277Z</time>
      </trkpt>
      <trkpt lat="47.564992" lon="10.014967">
        <ele>781.152938</ele>
        <time>2026-02-21T15:55:45.502Z</time>
      </trkpt>
      <trkpt lat="47.564999" lon="10.015071">
        <ele>781.073466</ele>
        <time>2026-02-21T15:55:52.769Z</time>
      </trkpt>
      <trkpt lat="47.565037" lon="10.015691">
        <ele>780.600092</ele>
        <time>2026-02-21T15:56:35.977Z</time>
      </trkpt>
      <trkpt lat="47.565037" lon="10.016064">
        <ele>780.316472</ele>
        <time>2026-02-21T15:57:01.727Z</time>
      </trkpt>
      <trkpt lat="47.564962" lon="10.016221">
        <ele>780.170203</ele>
        <time>2026-02-21T15:57:14.987Z</time>
      </trkpt>
      <trkpt lat="47.564830" lon="10.016232">
        <ele>780.021218</ele>
        <time>2026-02-21T15:57:28.299Z</time>
      </trkpt>
      <trkpt lat="47.564125" lon="10.016064">
        <ele>780.019033</ele>
        <time>2026-02-21T15:58:40.061Z</time>
      </trkpt>
      <trkpt lat="47.561675" lon="10.016318">
        <ele>782.114643</ele>
        <time>2026-02-21T16:02:51.921Z</time>
      </trkpt>
      <trkpt lat="47.561072" lon="10.016720">
        <ele>783.135886</ele>
        <time>2026-02-21T16:04:03.381Z</time>
      </trkpt>
      <trkpt lat="47.560971" lon="10.016851">
        <ele>783.574892</ele>
        <time>2026-02-21T16:04:18.272Z</time>
      </trkpt>
      <trkpt lat="47.560975" lon="10.017142">
        <ele>784.217298</ele>
        <time>2026-02-21T16:04:40.309Z</time>
      </trkpt>
      <trkpt lat="47.560875" lon="10.018813">
        <ele>787.919877</ele>
        <time>2026-02-21T16:06:48.613Z</time>
      </trkpt>
      <trkpt lat="47.560791" lon="10.018932">
        <ele>788.299967</ele>
        <time>2026-02-21T16:07:01.528Z</time>
      </trkpt>
      <trkpt lat="47.560712" lon="10.018964">
        <ele>788.567835</ele>
        <time>2026-02-21T16:07:10.531Z</time>
      </trkpt>
      <trkpt lat="47.559896" lon="10.018931">
        <ele>789.640211</ele>
        <time>2026-02-21T16:08:39.710Z</time>
      </trkpt>
      <trkpt lat="47.559687" lon="10.018898">
        <ele>789.872874</ele>
        <time>2026-02-21T16:09:01.501Z</time>
      </trkpt>
      <trkpt lat="47.559627" lon="10.019531">
        <ele>790.350365</ele>
        <time>2026-02-21T16:09:44.834Z</time>
      </trkpt>
      <trkpt lat="47.559567" lon="10.019520">
        <ele>790.417289</ele>
        <time>2026-02-21T16:09:50.941Z</time>
      </trkpt>
      <trkpt lat="47.559482" lon="10.019476">
        <ele>790.516955</ele>
        <time>2026-02-21T16:09:59.948Z</time>
      </trkpt>
      <trkpt lat="47.559011" lon="10.019228">
        <ele>790.491314</ele>
        <time>2026-02-21T16:10:50.633Z</time>
      </trkpt>
      <trkpt lat="47.558853" lon="10.019080">
        <ele>790.230861</ele>
        <time>2026-02-21T16:11:09.786Z</time>
      </trkpt>
      <trkpt lat="47.558767" lon="10.019224">
        <ele>790.050047</ele>
        <time>2026-02-21T16:11:23.134Z</time>
      </trkpt>
      <trkpt lat="47.558711" lon="10.019250">
        <ele>789.968276</ele>
        <time>2026-02-21T16:11:29.276Z</time>
      </trkpt>
      <trkpt lat="47.557945" lon="10.019332">
        <ele>788.898155</ele>
        <time>2026-02-21T16:12:49.624Z</time>
      </trkpt>
      <trkpt lat="47.557654" lon="10.019430">
        <ele>788.482337</ele>
        <time>2026-02-21T16:13:20.380Z</time>
      </trkpt>
      <trkpt lat="47.556967" lon="10.020021">
        <ele>788.305107</ele>
        <time>2026-02-21T16:14:41.038Z</time>
      </trkpt>
      <trkpt lat="47.556705" lon="10.020396">
        <ele>788.303677</ele>
        <time>2026-02-21T16:15:17.994Z</time>
      </trkpt>
      <trkpt lat="47.556261" lon="10.021116">
        <ele>788.301093</ele>
        <time>2026-02-21T16:16:25.788Z</time>
      </trkpt>
      <trkpt lat="47.556172" lon="10.021313">
        <ele>788.326654</ele>
        <time>2026-02-21T16:16:42.211Z</time>
      </trkpt>
      <trkpt lat="47.555979" lon="10.021919">
        <ele>788.548804</ele>
        <time>2026-02-21T16:17:27.874Z</time>
      </trkpt>
      <trkpt lat="47.555826" lon="10.022496">
        <ele>788.754330</ele>
        <time>2026-02-21T16:18:10.129Z</time>
      </trkpt>
      <trkpt lat="47.555666" lon="10.022984">
        <ele>788.934196</ele>
        <time>2026-02-21T16:18:47.242Z</time>
      </trkpt>
      <trkpt lat="47.555596" lon="10.023143">
        <ele>788.997133</ele>
        <time>2026-02-21T16:19:00.268Z</time>
      </trkpt>
      <trkpt lat="47.555615" lon="10.023180">
        <ele>789.012547</ele>
        <time>2026-02-21T16:19:03.493Z</time>
      </trkpt>
      <trkpt lat="47.555640" lon="10.023227">
        <ele>789.032386</ele>
        <time>2026-02-21T16:19:07.657Z</time>
      </trkpt>
      <trkpt lat="47.555508" lon="10.023543">
        <ele>789.155593</ele>
        <time>2026-02-21T16:19:33.329Z</time>
      </trkpt>
      <trkpt lat="47.555368" lon="10.023836">
        <ele>789.184239</ele>
        <time>2026-02-21T16:19:58.307Z</time>
      </trkpt>
      <trkpt lat="47.555105" lon="10.024357">
        <ele>789.184239</ele>
        <time>2026-02-21T16:20:43.522Z</time>
      </trkpt>
      <trkpt lat="47.554622" lon="10.025067">
        <ele>789.184239</ele>
        <time>2026-02-21T16:21:54.444Z</time>
      </trkpt>
      <trkpt lat="47.554542" lon="10.024920">
        <ele>789.184239</ele>
        <time>2026-02-21T16:22:07.602Z</time>
      </trkpt>
      <trkpt lat="47.554381" lon="10.025086">
        <ele>789.184239</ele>
        <time>2026-02-21T16:22:27.748Z</time>
      </trkpt>
    </trkseg>
  </trk>
</gpx>